Agency,Initiative Category,Initiative Detailed,Budget 2021,Spent 2021,Budget 2022,Spent 2022
MAYORALTY,Personnel/Staffing,Personal Services,"$34,296 ",,"$2,742,789 ","$480,125 "
MAYORALTY,Covid Response - City Operations,Covid Related Leave,"$25,717 ",$0 ,,$0 
MAYORALTY,Covid Response - City Operations,Coronavirus -Leave Funding (OLR),"$39,994 ",$0 ,,$0 
MAYORALTY,Covid Response - City Operations,Coronavirus -Leave Funding (OMB),"$68,617 ",$0 ,,$0 
MAYORALTY,Hiring & Attrition Management,Hiring Freeze-(OLR),$0 ,$0 ,"$41,181 ",$0 
MAYORALTY,Hiring & Attrition Management,Hiring Freeze-(OMB),$0 ,$0 ,"$428,000 ","$428,000 "
MAYORALTY,Government Operations,MOCS Funding Swap,$0 ,$0 ,"$6,129,839 ","$6,129,839 "
MAYORALTY,Personnel/Staffing,Personal Services,$0 ,$0 ,$0 ,$0 
BOARD OF ELECTIONS,Personnel/Staffing,Election Worker Fund,"$14,033,246 ","$14,033,246 ",,$0 
BOARD OF ELECTIONS,Covid Response - City Operations,Covid Related Leave,"$120,006 ","$120,006 ",,$0 
DEPARTMENT OF EMERGENCY MANAGEMENT,Covid Response - City Operations,Government Operations,$0 ,$0 ,"$611,236 ","$611,235 "
DEPARTMENT OF EMERGENCY MANAGEMENT,Covid Response - Public Programs,City Cleanup Corp,"$250,000 ","$232,098 ","$709,998 ","$709,998 "
DEPARTMENT OF EMERGENCY MANAGEMENT,Direct Human Services,"Eat Well, Eat Local Design Services","$300,000 ","$180,443 ","$199,400 ","$199,400 "
DEPARTMENT OF EMERGENCY MANAGEMENT,Covid Response - City Operations,"ARPA Funding, PS","$8,528 ",$0 ,"$11,846 ","$11,846 "
LAW DEPARTMENT,Personnel/Staffing,Personal Services,$0 ,$0 ,"$2,619,356 ","$2,619,356 "
LAW DEPARTMENT,Covid Response - City Operations,ARPA Vaccine Leave,"$401,560 ","$401,560 ",,$0 
DEPARTMENT OF EDUCATION,Direct Human Services,Community Schools,$0 ,$0 ,,$0 
DEPARTMENT OF EDUCATION,Direct Human Services,Indirect Cost Rate,$0 ,$0 ,,$0 
DEPARTMENT OF EDUCATION,Personnel/Staffing,Nurses,$0 ,$0 ,,$0 
DEPARTMENT OF EDUCATION,Personnel/Staffing,Social Workers,$0 ,$0 ,,$0 
DEPARTMENT OF EDUCATION,Programmatic Support,Summer Extended Use,$0 ,$0 ,,$0 
DEPARTMENT OF EDUCATION,Programmatic Support,Summer School,$0 ,$0 ,,$0 
DEPARTMENT OF EDUCATION,Programmatic Support,City Artist Corps,$0 ,$0 ,"$5,649,860 ","$5,407,094 "
DEPARTMENT OF EDUCATION,Government Operations,School Reopening,$0 ,$0 ,"$100,457,315 ","$100,457,315 "
DEPARTMENT OF EDUCATION,Direct Human Services,CRRSA For Schools,"$207,223,247 ","$182,885,285 ","$709,608,666 ","$709,289,945 "
DEPARTMENT OF EDUCATION,Direct Human Services,CRRSA For PreK,"$16,309,232 ","$5,974,538 ","$381,921,628 ","$381,888,738 "
DEPARTMENT OF EDUCATION,Government Operations,CRRSA For Facilities,$0 ,$0 ,"$6,999,980 ","$6,999,980 "
DEPARTMENT OF EDUCATION,Personnel/Staffing,CRRSA For Fringe,$0 ,$0 ,"$73,501,079 ","$73,501,078 "
DEPARTMENT OF EDUCATION,Direct Human Services,CRRSA For District 75,"$5,821,231 ","$5,085,734 ","$121,738 ","$121,735 "
DEPARTMENT OF EDUCATION,Direct Human Services,CRRSA For Schools Special Ed,"$35,465,785 ","$32,121,341 ","$56,156,370 ","$56,156,370 "
DEPARTMENT OF EDUCATION,Government Operations,NYC School Support Services,$0 ,$0 ,"$724,320,549 ","$724,320,549 "
DEPARTMENT OF EDUCATION,Covid Response - Public Programs,ARPA For Charters,$0 ,$0 ,$0 ,$0 
DEPARTMENT OF EDUCATION,Government Operations,ARPA For Facilities,$0 ,$0 ,"$41,069,721 ","$41,069,720 "
DEPARTMENT OF EDUCATION,Direct Human Services,ARPA For PreK,$0 ,$0 ,"$579,122 ","$579,204 "
DEPARTMENT OF EDUCATION,Direct Human Services,ARPA For Schools,$0 ,$0 ,"$188,302,456 ","$188,301,673 "
DEPARTMENT OF EDUCATION,Direct Human Services,ARPA For Special Ed PreK,$0 ,$0 ,,$0 
DEPARTMENT OF EDUCATION,Direct Human Services,ARPA For Learning Loss,$0 ,"$655,907 ","$525,716,065 ","$525,805,004 "
DEPARTMENT OF EDUCATION,Direct Human Services,Enrollment Change PS Support,$0 ,$0 ,,$0 
DEPARTMENT OF EDUCATION,Direct Human Services,Pedagogical Staffing Costs,$0 ,$0 ,"$294,286,119 ","$294,286,119 "
DEPARTMENT OF EDUCATION,Programmatic Support,Emergency Connectivity Fund,$0 ,$0 ,"$99,944,000 ","$125,456,131 "
DEPARTMENT OF EDUCATION,Direct Human Services,CRRSA For District 75,$0 ,$0 ,"$1,017,658 ","$1,017,658 "
DEPARTMENT OF EDUCATION,Direct Human Services,CRRSA For Schools Special Ed,$0 ,$0 ,"$1,951 ","$1,951 "
DEPARTMENT OF EDUCATION,Direct Human Services,ARPA for Schools Special Ed,$0 ,$0 ,$0 ,$0 
DEPARTMENT OF EDUCATION,Direct Human Services,ARPA FOR EARLY CHILDHOOD,$0 ,$0 ,$0 ,$0 
CITY UNIVERSITY,Stimulus Funds Claimed,ARPA Funds Claimed,$0 ,$0 ,$0 ,"$10,478,495 "
CITY UNIVERSITY,Covid Response - Public Programs,Borough of Manhattan Community College - ARPA Ed,$0 ,$0 ,,$0 
CITY UNIVERSITY,Covid Response - Public Programs,Borough of Manhattan Community College - CRRSAA,$0 ,$0 ,"$32,121,070 ",$0 
CITY UNIVERSITY,Covid Response - Public Programs,Bronx Community College - ARPA Ed,$0 ,$0 ,,$0 
CITY UNIVERSITY,Covid Response - Public Programs,Bronx Community College - CRRSAA,$0 ,$0 ,"$12,977,541 ",$0 
CITY UNIVERSITY,Covid Response - Public Programs,Guttman Community College - ARPA Ed,$0 ,$0 ,"$1,346,147 ",$0 
CITY UNIVERSITY,Covid Response - Public Programs,Guttman Community College - CRRSAA,$0 ,$0 ,"$1,811,631 ",$0 
CITY UNIVERSITY,Covid Response - Public Programs,Hostos Community College - ARPA Ed,$0 ,$0 ,"$6,250,892 ",$0 
CITY UNIVERSITY,Covid Response - Public Programs,Hostos Community College - CRRSAA,$0 ,$0 ,"$8,412,386 ",$0 
CITY UNIVERSITY,Covid Response - Public Programs,Kingsborough Community College - ARPA Ed,$0 ,$0 ,"$2,881,456 ",$0 
CITY UNIVERSITY,Covid Response - Public Programs,Kingsborough Community College - CRRSAA,$0 ,$0 ,"$12,749,249 ",$0 
CITY UNIVERSITY,Covid Response - Public Programs,LaGuardia Community College - ARPA Ed,$0 ,$0 ,,$0 
CITY UNIVERSITY,Covid Response - Public Programs,LaGuardia Community College - CRRSAA,$0 ,$0 ,"$18,413,720 ",$0 
CITY UNIVERSITY,Covid Response - Public Programs,Queensborough Community College - ARPA Ed,$0 ,$0 ,,$0 
CITY UNIVERSITY,Covid Response - Public Programs,Queensborough Community College - CRRSAA,$0 ,$0 ,"$13,873,423 ",$0 
CITY UNIVERSITY,Covid Response - Public Programs,Hunter College - ARPA Ed,$0 ,$0 ,"$1,413,706 ","$1,413,704 "
CITY UNIVERSITY,Covid Response - Public Programs,Hunter College - CRRSAA,,$0 ,,$0 
CITY UNIVERSITY,Government Operations,Government Operations,,"$1,253,705 ",,"$554,445 "
CITY UNIVERSITY,Stimulus Funds Claimed,CRRSAA Funds Claimed,$0 ,$0 ,$0 ,"$94,460,055 "
POLICE DEPARTMENT,Covid Response - City Operations,COVID Response/Leave,"$2,914,707 ",$0 ,"$566,500,000 ","$566,500,000 "
FIRE DEPARTMENT,Covid Response - City Operations,Covid-19 Revenue Replacement,"$21,542,899 ","$29,542,899 ","$510,702 ","$510,702 "
FIRE DEPARTMENT,Covid Response - Public Programs,EMS Mental Health Pilot,"$8,491,591 ","$491,591 ",,$0 
ADMIN FOR CHILDRENS SERVICES,Covid Response - City Operations,Covid-Related Leave,"$387,585 ",$0 ,"$823,286 ","$823,286 "
ADMIN FOR CHILDRENS SERVICES,Direct Human Services,Indirect Rate,"$9,094,088 ","$1,204,492 ","$9,094,088 ","$9,058,047 "
ADMIN FOR CHILDRENS SERVICES,Covid Response - City Operations,Covid-19 Vaccine,"$40,585 ",$0 ,,$0 
ADMIN FOR CHILDRENS SERVICES,Government Operations,Juvenile Justice,$0 ,$0 ,$0 ,$0 
DEPARTMENT OF SOCIAL SERVICES,Covid Response - Public Programs,Community Hubs,"$478,276 ","$280,000 ","$1,596,001 ","$1,596,000 "
DEPARTMENT OF SOCIAL SERVICES,Covid Response - Public Programs,City Cleanup Corps,$0 ,"$800,000 ","$30,945,575 ","$28,723,442 "
DEPARTMENT OF SOCIAL SERVICES,Direct Human Services,Fair Fares,"$8,332,628 ","$8,332,628 ","$14,111,911 ","$14,111,910 "
DEPARTMENT OF SOCIAL SERVICES,Covid Response - Public Programs,Emergency Food Assistance Program,$0 ,$0 ,"$32,045,000 ","$33,905,914 "
DEPARTMENT OF SOCIAL SERVICES,Direct Human Services,Indirect Cost Rate,$0 ,$0 ,,$0 
DEPARTMENT OF SOCIAL SERVICES,Covid Response - Public Programs,Eviction Counsel Access,$0 ,$0 ,"$15,605,000 ","$14,729,615 "
DEPARTMENT OF SOCIAL SERVICES,Covid Response - City Operations,Coronavirus Recovery PS,"$744,862 ",$0 ,"$1,188,477 ",$0 
DEPARTMENT OF SOCIAL SERVICES,Covid Response - Public Programs,Rental Assistance,"$160,700,000 ","$151,910,293 ","$185,122,335 ","$184,755,498 "
DEPARTMENT OF SOCIAL SERVICES,Direct Human Services,SNAP,$0 ,$0 ,"$10,250,493 ",$0 
DEPARTMENT OF SOCIAL SERVICES,Covid Response - Public Programs,Emergency Rental Assistance Outreach,$0 ,"$2,075,027 ","$41,771,013 ","$15,808,778 "
DEPARTMENT OF SOCIAL SERVICES,Covid Response - Public Programs,Emergency Housing Voucher Program,,"$2,832 ",,"$2,793,790 "
DEPARTMENT OF SOCIAL SERVICES,Direct Human Services,Home Energy Assistance Program,$0 ,$0 ,,$0 
DEPT OF HOMELESS SERVICES,Covid Response - City Operations,Admin PS,"$35,570 ",$0 ,,$0 
DEPT OF HOMELESS SERVICES,Covid Response - City Operations,General PS,,$0 ,,$0 
DEPT OF HOMELESS SERVICES,Direct Human Services,Shelter Services,"$9,604,654 ","$9,604,654 ","$4,996,856 ","$3,259,069 "
DEPT OF HOMELESS SERVICES,Direct Human Services,Street Outreach/Indirect Rate,"$303,841 ","$47,655 ","$9,539,107 ","$4,848,408 "
DEPT OF HOMELESS SERVICES,Covid Response - Public Programs,Emergency Housing Voucher Program,,$0 ,,"$302,309 "
DEPT OF HOMELESS SERVICES,Direct Human Services,Street Outreach/Indirect Rate,"$4,300,000 ","$4,300,000 ","$63,304,654 ","$62,945,690 "
DEPARTMENT OF CORRECTION,Covid Response - City Operations,Covid-19 Revenue Replacement,"$676,233 ",$0 ,"$481,324,540 ",$0 
DEPARTMENT OF CORRECTION,Covid Response - City Operations,COVID Response/Leave,$0 ,$0 ,"$52,000,000 ",$0 
MISCELLANEOUS,Covid Response - Public Programs,Precision Empl. Init./City Clean. Corps/Ind. Cost Rate,"$3,928,021 ",$0 ,"$40,409,411 ","$40,409,411 "
MISCELLANEOUS,Direct Human Services,Indirect Cost Rate - Indigent Defense,"$2,618,681 ",$0 ,"$2,618,681 ","$2,618,681 "
MISCELLANEOUS,Government Operations,American Rescue Plan Act Fringe Cost,"$758,214,696 ",$0 ,"$46,476,023 ",$0 
MISCELLANEOUS,Covid Response - Public Programs,Clean Up Corps,,$0 ,,$0 
MISCELLANEOUS,Government Operations,Government Operations,$0 ,$0 ,"$1,200,000 ","$1,047,654 "
DEPARTMENT FOR THE AGING,Direct Human Services,Senior Support/Indirect Rate,$0 ,"$6,290,909 ","$76,690,909 ","$59,043,629 "
DEPARTMENT FOR THE AGING,Covid Response - City Operations,Indirect Rate,"$44,151 ",$0 ,,$0 
DEPARTMENT FOR THE AGING,Direct Human Services,Naturally Occurring Retirement Communities,$0 ,$0 ,"$7,000,000 ","$7,000,000 "
DEPARTMENT FOR THE AGING,Direct Human Services,Home Delivered Meals,$0 ,$0 ,"$7,679,236 ",$0 
DEPARTMENT FOR THE AGING,Government Operations,Government Operations,"$6,290,909 ",$0 ,,$0 
DEPARTMENT OF CULTURAL AFFAIRS,Direct Human Services,City Artist Corps,$0 ,$0 ,"$11,810,000 ","$11,755,000 "
DEPARTMENT OF CULTURAL AFFAIRS,Covid Response - City Operations,Covid Related Leave,"$3,684 ",$0 ,,$0 
NYC TAXI AND LIMOUSINE COMM,Covid Response - City Operations,Coronavirus-Related PS,"$150,315 ","$150,315 ",,$0 
NYC TAXI AND LIMOUSINE COMM,Programmatic Support,Medallion Relief Fund,"$62,100,000 ",$0 ,"$15,000,000 ","$15,000,000 "
DEPT OF YOUTH & COMMUNITY DEV,Government Operations,ARPA Expense,$0 ,"$83,810,239 ","$170,874 ","$170,873 "
DEPT OF YOUTH & COMMUNITY DEV,Programmatic Support,Summer Rising,,$0 ,,$0 
DEPT OF YOUTH & COMMUNITY DEV,Direct Human Services,Cornerstone-NYCHA,"$137,000 ","$137,000 ",,$0 
DEPT OF YOUTH & COMMUNITY DEV,Programmatic Support,Financial Plan Savings,"$12,769,129 ",$0 ,,$0 
DEPT OF YOUTH & COMMUNITY DEV,Programmatic Support,Learning Labs,"$80,600,000 ","$80,600,000 ",,$0 
DEPT OF YOUTH & COMMUNITY DEV,Programmatic Support,Summer Youth Employment,$0 ,"$7,998,296 ","$25,962,225 ","$25,962,223 "
DEPT OF YOUTH & COMMUNITY DEV,Covid Response - Public Programs,City Cleanup Corps,$0 ,$0 ,"$11,955,140 ","$11,955,138 "
DEPT OF YOUTH & COMMUNITY DEV,Direct Human Services,Youth Program at NYCHA,"$1,427,286 ","$1,427,286 ",,$0 
DEPT OF YOUTH & COMMUNITY DEV,Programmatic Support,Advance and Earn,$0 ,$0 ,"$1,445,042 ","$1,445,040 "
DEPT OF YOUTH & COMMUNITY DEV,Programmatic Support,Beacons Program,"$615,752 ","$615,752 ",,$0 
DEPT OF YOUTH & COMMUNITY DEV,Programmatic Support,Summer Youth Employment Program - CUNY,"$675,000 ",$0 ,,$0 
DEPT OF YOUTH & COMMUNITY DEV,Government Operations,Discretionary Contract Expenses,,"$4,278,632 ",,$0 
DEPARTMENT OF PROBATION,Covid Response - Public Programs,City Clean Up Corps,"$35,000 ",$0 ,"$26,000 ","$26,000 "
DEPARTMENT OF PROBATION,Personnel/Staffing,American Rescue Plan-General PS,"$79,540 ",$0 ,"$241,969 ","$241,969 "
DEPARTMENT OF PROBATION,Personnel/Staffing,Local Release - PS,"$120,000 ",$0 ,"$125,000 ","$86,137 "
DEPARTMENT OF PROBATION,Direct Human Services,City Arts,$0 ,$0 ,"$250,000 ","$250,000 "
DEPARTMENT OF PROBATION,Government Operations,Indirect Rate,"$626,494 ",$0 ,"$626,494 ","$626,494 "
DEPARTMENT OF PROBATION,Government Operations,Local Release - OTPS,"$45,000 ",$0 ,,$0 
DEPARTMENT OF PROBATION,Covid Response - Public Programs,City Clean Up Corps,"$112,167 ","$112,167 ","$1,031,833 ","$1,031,833 "
DEPT OF SMALL BUSINESS SERVICES,Programmatic Support,40 Open Streets,"$240,000 ",$0 ,"$900,000 ","$713,775 "
DEPT OF SMALL BUSINESS SERVICES,Programmatic Support,Accelerate Small Business Reopening,$0 ,$0 ,"$2,115,825 ","$1,485,250 "
DEPT OF SMALL BUSINESS SERVICES,Government Operations,NYC & Company,"$6,370,333 ","$6,370,333 ","$46,161,847 ","$46,161,847 "
DEPT OF SMALL BUSINESS SERVICES,Government Operations,AVENUE NYC,$0 ,$0 ,"$700,000 ","$648,802 "
DEPT OF SMALL BUSINESS SERVICES,Programmatic Support,Build On-ramps to Green Jobs,$0 ,$0 ,"$1,000,000 ","$1,000,000 "
DEPT OF SMALL BUSINESS SERVICES,Personnel/Staffing,Commercial Lease Assistance - PS,$0 ,$0 ,"$150,000 ",$0 
DEPT OF SMALL BUSINESS SERVICES,Covid Response - City Operations,Covid Vaccination Costs,"$127,156 ","$42,981 ","$384,175 ",$0 
DEPT OF SMALL BUSINESS SERVICES,Covid Response - Public Programs,EDC Cleanup Corps,$0 ,$0 ,"$11,960,050 ","$8,004,137 "
DEPT OF SMALL BUSINESS SERVICES,Covid Response - Public Programs,EDC Vaccination Incentives,$0 ,$0 ,"$93,750,000 ","$93,750,000 "
DEPT OF SMALL BUSINESS SERVICES,Programmatic Support,Employee Training-Apprentice NYC,$0 ,$0 ,"$1,500,000 ","$1,500,000 "
DEPT OF SMALL BUSINESS SERVICES,Programmatic Support,Long Term Recovery Campaign,"$480,000 ","$498,750 ",,$0 
DEPT OF SMALL BUSINESS SERVICES,Direct Human Services,Provide Trained Workers-Career Pathways,$0 ,$0 ,"$1,330,000 ","$1,112,537 "
DEPT OF SMALL BUSINESS SERVICES,Government Operations,Shop Your City,"$550,000 ","$390,517 ","$550,000 ","$549,504 "
DEPT OF SMALL BUSINESS SERVICES,Programmatic Support,Small Business Grant Program,$0 ,$0 ,"$103,700,000 ","$103,500,000 "
DEPT OF SMALL BUSINESS SERVICES,Programmatic Support,Small Business Loan Fund,$0 ,$0 ,,$0 
DEPT OF SMALL BUSINESS SERVICES,Government Operations,Support Green Manufacturing,$0 ,$0 ,"$20,000 ","$20,000 "
DEPT OF SMALL BUSINESS SERVICES,Programmatic Support,Governors Island Expense Funds,$0 ,$0 ,"$365,113 ","$365,113 "
DEPT OF SMALL BUSINESS SERVICES,Programmatic Support,TLC Loan Fund,"$2,900,000 ",$0 ,,$0 
DEPT OF SMALL BUSINESS SERVICES,Government Operations,EDC NYC Ferry,$0 ,$0 ,"$30,000,000 ","$30,000,000 "
DEPT OF SMALL BUSINESS SERVICES,Government Operations,Commercial Lease Assistance - OTPS,$0 ,$0 ,"$5,000,000 ","$4,066,015 "
DEPT OF SMALL BUSINESS SERVICES,Programmatic Support,Programmatic Support,$0 ,$0 ,$0 ,$0 
HOUSING PRESERVATION AND DEVEL,Government Operations,Administration OTPS,$0 ,$0 ,"$244,406 ","$234,206 "
HOUSING PRESERVATION AND DEVEL,Direct Human Services,Homeless Housing Services,$0 ,$0 ,"$459,305 ","$435,505 "
HOUSING PRESERVATION AND DEVEL,Direct Human Services,Emergency Housing Voucher Program,$0 ,$0 ,"$3,036,120 ","$1,797,955 "
HOUSING PRESERVATION AND DEVEL,Programmatic Support,Landlord Ambassador Program,$0 ,$0 ,,$0 
HOUSING PRESERVATION AND DEVEL,Personnel/Staffing,Marketing Affordable Housing,$0 ,$0 ,"$904,645 ","$904,645 "
HOUSING PRESERVATION AND DEVEL,Personnel/Staffing,Resiliency,"$850,000 ","$566,704 ","$850,000 ","$850,000 "
HOUSING PRESERVATION AND DEVEL,Covid Response - City Operations,Covid Related Leave,"$343,269 ","$343,269 ",,$0 
HOUSING PRESERVATION AND DEVEL,Programmatic Support,NYCHA City Artist Corps,$0 ,$0 ,"$339,695 ","$339,695 "
HOUSING PRESERVATION AND DEVEL,Covid Response - Public Programs,NYCHA Coronavirus Cleanup Corps,"$6,965,147 ","$1,325,618 ","$32,467,237 ","$28,789,606 "
HOUSING PRESERVATION AND DEVEL,Programmatic Support,Food Business Pathways,"$170,000 ","$68,553 ","$101,447 ","$101,447 "
HOUSING PRESERVATION AND DEVEL,Government Operations,Government Operations,$0 ,$0 ,"$301,940 ",$0 
DEPARTMENT OF BUILDINGS,Covid Response - Public Programs,Covid Inspections,,$0 ,,$0 
DEPARTMENT OF BUILDINGS,Covid Response - City Operations,ARP Local Recovery Fed PS,"$927,774 ",$0 ,"$1,200,000 ","$1,107,657 "
DEPARTMENT OF BUILDINGS,Government Operations,Situation Room,"$14,695,000 ","$13,082,840 ","$25,624,359 ","$23,840,588 "
DEPARTMENT OF HEALTH AND MENTAL HYGIENE,Direct Human Services,15/15/Supportive Housing,"$6,642,795 ","$6,642,795 ",,$0 
DEPARTMENT OF HEALTH AND MENTAL HYGIENE,Government Operations,Administration,"$3,796,511 ","$3,796,511 ",,$0 
DEPARTMENT OF HEALTH AND MENTAL HYGIENE,Personnel/Staffing,Health Administration/Indirect Rate - PS,"$4,540 ",$0 ,"$147,544 ","$147,544 "
DEPARTMENT OF HEALTH AND MENTAL HYGIENE,Government Operations,Health Administration/Indirect Rate - OTPS,"$2,711,526 ",$0 ,"$3,439,282 ","$3,439,281 "
DEPARTMENT OF HEALTH AND MENTAL HYGIENE,Covid Response - City Operations,Prevention and Primary Care- PS,"$1,152 ",$0 ,,$0 
DEPARTMENT OF HEALTH AND MENTAL HYGIENE,Personnel/Staffing,Environmental Health - PS,"$8,305 ",$0 ,"$2,951,373 ","$2,951,369 "
DEPARTMENT OF HEALTH AND MENTAL HYGIENE,Government Operations,Environmental Health - OTPS,$0 ,$0 ,"$503,399 ","$503,397 "
DEPARTMENT OF HEALTH AND MENTAL HYGIENE,Direct Human Services,Early Intervention - PS,"$1,251 ",$0 ,,$0 
DEPARTMENT OF HEALTH AND MENTAL HYGIENE,Direct Human Services,Family & Child Health & Health Equity,"$24,866 ",$0 ,"$42,288,247 ","$42,288,242 "
DEPARTMENT OF HEALTH AND MENTAL HYGIENE,Government Operations,Mental Health OTPS,$0 ,$0 ,"$17,112,329 ","$17,112,329 "
DEPARTMENT OF HEALTH AND MENTAL HYGIENE,Personnel/Staffing,Mental Hygiene Management Services - PS,"$5,090 ",$0 ,"$2,219,447 ","$2,219,444 "
DEPARTMENT OF HEALTH AND MENTAL HYGIENE,Government Operations,Mental Hygiene Management Services - OTPS,$0 ,$0 ,"$9,600,000 ","$9,600,000 "
DEPARTMENT OF HEALTH AND MENTAL HYGIENE,Personnel/Staffing,Epidemiology- PS,"$5,279 ",$0 ,,$0 
DEPARTMENT OF HEALTH AND MENTAL HYGIENE,Personnel/Staffing,Office of Chief Medical Examiner - PS,"$111,589 ",$0 ,,$0 
DEPARTMENT OF HEALTH AND MENTAL HYGIENE,Personnel/Staffing,Family & Child Health Central Administration & Operation,"$2,103,129 ","$2,103,129 ",,$0 
DEPARTMENT OF HEALTH AND MENTAL HYGIENE,Covid Response - Public Programs,Disease Control,$874 ,$0 ,,$0 
DEPARTMENT OF HEALTH AND MENTAL HYGIENE,Government Operations,Informatics and Information Control,"$588,638 ","$588,638 ",,$0 
DEPARTMENT OF HEALTH AND MENTAL HYGIENE,Direct Human Services,MH Resources Review-NYC SAFE 2.0,"$225,000 ","$225,000 ",,$0 
DEPARTMENT OF HEALTH AND MENTAL HYGIENE,Personnel/Staffing,Physicians and SMDS,"$1,435,489 ","$1,435,489 ",,$0 
DEPARTMENT OF HEALTH AND MENTAL HYGIENE,Direct Human Services,Reproductive Health-Catch Program,"$1,364,247 ","$1,364,247 ",,$0 
DEPARTMENT OF HEALTH AND MENTAL HYGIENE,Personnel/Staffing,School Based Nursing & PHA,"$19,465,009 ","$19,465,009 ",,$0 
DEPARTMENT OF HEALTH AND MENTAL HYGIENE,Personnel/Staffing,School Health-Asthma Program,"$293,221 ","$293,221 ",,$0 
DEPARTMENT OF HEALTH AND MENTAL HYGIENE,Government Operations,School Health DOE MOUs,"$1,985,469 ","$1,985,469 ",,$0 
DEPARTMENT OF HEALTH AND MENTAL HYGIENE,Government Operations,School Health General Operating OTPS,"$2,891,950 ","$2,891,950 ",,$0 
DEPARTMENT OF HEALTH AND MENTAL HYGIENE,Government Operations,School Health Contractual Obligations: Nursing,"$4,467,600 ","$4,467,600 ",,$0 
DEPARTMENT OF HEALTH AND MENTAL HYGIENE,Direct Human Services,School Health Special Programs,"$366,753 ","$366,753 ",,$0 
DEPARTMENT OF HEALTH AND MENTAL HYGIENE,Direct Human Services,School Health Vision Program,"$1,665,203 ","$1,665,203 ",,$0 
DEPARTMENT OF HEALTH AND MENTAL HYGIENE,Direct Human Services,THRIVE-NYC Well Call Center,"$5,232,205 ","$5,232,205 ",,$0 
HEALTH AND HOSPITALS CORP,Covid Response - City Operations,ARP: COVID-19,"$339,314,234 ",$0 ,"$214,278,311 ","$214,278,311 "
HEALTH AND HOSPITALS CORP,Covid Response - Public Programs,DOE Covid Response,$0 ,$0 ,"$83,336,758 ","$83,336,758 "
DEPT ENVIRONMENTAL PROTECTION,Personnel/Staffing,Civilian Cleanup Bluebelt Maintenance - PS,$0 ,$0 ,"$211,066 ","$105,020 "
DEPT ENVIRONMENTAL PROTECTION,Personnel/Staffing,Civilian Cleanup Bronx Water - PS,$0 ,$0 ,"$75,575 ",$130 
DEPT ENVIRONMENTAL PROTECTION,Government Operations,Civilian Cleanup Drains & Gardens,$0 ,$0 ,"$13,933 ",$0 
DEPT ENVIRONMENTAL PROTECTION,Personnel/Staffing,Civilian Cleanup Hydrant Painting - PS,$0 ,$0 ,"$560,228 ","$402,040 "
DEPT ENVIRONMENTAL PROTECTION,Covid Response - City Operations,Covid-Related Leaves,"$79,635 ",$0 ,,$0 
DEPT ENVIRONMENTAL PROTECTION,Direct Human Services,Grocery 2 Go,$0 ,$0 ,"$6,539,238 ","$3,424,476 "
DEPT ENVIRONMENTAL PROTECTION,Personnel/Staffing,Housing Recovery Office PS,"$1,600,000 ",$0 ,"$4,700,000 ",$0 
DEPT ENVIRONMENTAL PROTECTION,Government Operations,NYC Resiliency Gowanus Canal,"$4,000,000 ",$0 ,"$4,000,000 ","$4,000,000 "
DEPT ENVIRONMENTAL PROTECTION,Hiring & Attrition Management,Hiring and Attrition Management,$0 ,$0 ,"$5,950 ","$5,950 "
DEPT ENVIRONMENTAL PROTECTION,Personnel/Staffing,Civilian Cleanup Round 2 - PS,$0 ,$0 ,,$0 
DEPT ENVIRONMENTAL PROTECTION,Government Operations,Civilian Cleanup Bluebelt Maintenance - OTPS,"$103,133 ","$37,587 ","$61,862 ","$30,004 "
DEPT ENVIRONMENTAL PROTECTION,Government Operations,Civilian Cleanup Bronx Water - OTPS,"$5,500 ",$26 ,"$4,865 ","$1,756 "
DEPT ENVIRONMENTAL PROTECTION,Government Operations,Civilian Cleanup Hydrant Painting - OTPS,"$171,639 ","$186,730 ","$245,581 ","$190,427 "
DEPT ENVIRONMENTAL PROTECTION,Government Operations,Civilian Cleanup Round 2 - OTPS,$0 ,$0 ,,$0 
DEPARTMENT OF SANITATION,Personnel/Staffing,Cleaning & Collection PS,"$148,100,000 ","$148,099,976 ",,$0 
DEPARTMENT OF SANITATION,Personnel/Staffing,Weekday Basket Service,$0 ,$0 ,"$4,369,878 ","$4,369,878 "
DEPARTMENT OF SANITATION,Personnel/Staffing,Sunday & Holiday Basket Service,$0 ,$0 ,"$4,671,042 ","$4,671,042 "
DEPARTMENT OF SANITATION,Government Operations,Waste Export,$0 ,$0 ,"$432,020,229 ","$432,020,229 "
DEPARTMENT OF SANITATION,Covid Response - City Operations,Covid-Related Leaves and Comp Time,"$2,919,223 ","$2,919,222 ",,$0 
DEPARTMENT OF TRANSPORTATION,Personnel/Staffing,Brooklyn Bridge Bike Lane,"$551,854 ",$0 ,"$551,854 ",$0 
DEPARTMENT OF TRANSPORTATION,Covid Response - Public Programs,Cleanup Corps - OTPS,"$406,828 ","$406,000 ","$4,996,324 ","$4,946,380 "
DEPARTMENT OF TRANSPORTATION,Covid Response - Public Programs,Cleanup Corps-Highways,$0 ,$0 ,"$2,572,784 ","$1,326,817 "
DEPARTMENT OF TRANSPORTATION,Covid Response - City Operations,DOT Management & Administration,,$0 ,,$0 
DEPARTMENT OF TRANSPORTATION,Covid Response - City Operations,Roadway Construction Coordination,"$124,047 ",$0 ,,$0 
DEPARTMENT OF TRANSPORTATION,Covid Response - City Operations,Ferry Administration,"$6,765 ",$0 ,,$0 
DEPARTMENT OF TRANSPORTATION,Covid Response - City Operations,Traffic Planning Safety & Administration,,$0 ,,$0 
DEPARTMENT OF TRANSPORTATION,Covid Response - City Operations,Bridge Engineering,,$0 ,,$0 
DEPARTMENT OF TRANSPORTATION,Programmatic Support,Open Restaurants,"$3,940,607 ",$0 ,"$4,129,342 ","$2,036,729 "
DEPARTMENT OF TRANSPORTATION,Personnel/Staffing,Bike Boulevards,$0 ,$0 ,"$171,694 ",$0 
DEPARTMENT OF TRANSPORTATION,Government Operations,Green Wave - OTPS,$0 ,$0 ,"$1,000,048 ",$0 
DEPARTMENT OF TRANSPORTATION,Government Operations,Open Streets - OTPS,$0 ,$0 ,"$3,069,038 ","$2,347,975 "
DEPARTMENT OF TRANSPORTATION,Personnel/Staffing,Public Spaces Program,$0 ,$0 ,"$80,000 ",$0 
DEPARTMENT OF TRANSPORTATION,Government Operations,Webcams and Headsets,"$350,000 ",$0 ,,$0 
DEPARTMENT OF TRANSPORTATION,Personnel/Staffing,Graffiti Removal - PS,$0 ,$0 ,"$782,817 ","$69,067 "
DEPARTMENT OF TRANSPORTATION,Personnel/Staffing,Bridge Painting,$0 ,$0 ,"$50,994 ","$50,994 "
DEPARTMENT OF TRANSPORTATION,Government Operations,Brooklyn Bridge Bike Lane - PS,"$598,678 ",$0 ,,$0 
DEPARTMENT OF TRANSPORTATION,Personnel/Staffing,Ferry Administration - PS,$0 ,$0 ,"$7,004,167 ","$7,004,167 "
DEPARTMENT OF TRANSPORTATION,Government Operations,Ferry Administration - OTPS,$0 ,$0 ,"$27,691,307 ","$27,691,304 "
DEPARTMENT OF TRANSPORTATION,Personnel/Staffing,Green Wave - PS,$0 ,$0 ,"$249,696 ","$51,033 "
DEPARTMENT OF TRANSPORTATION,Personnel/Staffing,Open Streets - PS,$0 ,$0 ,,$0 
DEPARTMENT OF TRANSPORTATION,Government Operations,Graffiti Removal - OTPS,$0 ,$0 ,"$119,255 ","$78,565 "
DEPARTMENT OF TRANSPORTATION,Government Operations,Public Spaces Program,$0 ,$0 ,$0 ,$0 
DEPT OF PARKS AND RECREATION,Covid Response - Public Programs,Citywide Cleanup Corps,$0 ,$0 ,"$992,013 ","$995,092 "
DEPT OF PARKS AND RECREATION,Personnel/Staffing,COVID-19 - REVENUE LOSS,,$0 ,,$0 
DEPT OF PARKS AND RECREATION,Covid Response - City Operations,Covid-19 Related Leave,"$125,470 ","$125,470 ",,$0 
DEPT OF PARKS AND RECREATION,Covid Response - Public Programs,Citywide Cleanup Corps,"$9,197,434 ","$9,197,434 ","$56,080,348 ","$56,080,348 "
DEPT OF PARKS AND RECREATION,Covid Response - City Operations,Covid-19 Related Leave,"$1,296,696 ","$1,296,696 ","$803,105 ","$803,105 "
DEPT OF DESIGN & CONSTRUCTION,Personnel/Staffing,Build it Back Personnel,"$2,304,686 ",$0 ,"$1,725,000 ","$1,725,000 "
DEPT OF DESIGN & CONSTRUCTION,Covid Response - City Operations,Covid Related Leave,"$18,101 ",$0 ,,$0 
DEPT OF CITYWIDE ADMIN SERVS,Government Operations,Learning Bridges,"$3,309,000 ","$3,365,172 ","$337,616 ","$101,415 "
DEPT OF CITYWIDE ADMIN SERVS,Personnel/Staffing,Payroll Expenses,"$1,902,306 ","$1,306,239 ","$51,737,934 ","$51,737,926 "
DEPT OF CITYWIDE ADMIN SERVS,Government Operations,Citywide Fleet Services,$0 ,$0 ,"$3,393,919 ","$3,393,919 "
DEPT OF CITYWIDE ADMIN SERVS,Government Operations,Board of Standards and Appeals,$0 ,$0 ,"$2,589,280 ","$2,419,637 "
DEPT OF CITYWIDE ADMIN SERVS,Government Operations,External Publications and Retail,$0 ,$0 ,"$2,460,752 ","$2,014,669 "
DEPT OF CITYWIDE ADMIN SERVS,Personnel/Staffing,ARPA FUNDING - HUMAN CAPITAL,,$0 ,,$0 
DEPT OF CITYWIDE ADMIN SERVS,Personnel/Staffing,ARPA FUNDING - EXECUTIVE MANANGEMENT,,$0 ,,$0 
DEPT OF INFO TECH & TELECOMM,Government Operations,Government Operations,"$8,541,216 ",$0 ,"$10,986,216 ","$10,718,862 "
DEPT OF INFO TECH & TELECOMM,Covid Response - Public Programs,MOME Cleanup Corps,$0 ,$0 ,"$841,596 ","$841,596 "
DEPT OF INFO TECH & TELECOMM,Programmatic Support,City Artist Corps-MOME,"$6,000,000 ",$0 ,"$6,000,000 ","$6,000,000 "
DEPT OF INFO TECH & TELECOMM,Covid Response - City Operations,Coronavirus PS-Leave Funding,"$252,285 ","$252,285 ",,$0 
DEPT OF INFO TECH & TELECOMM,Personnel/Staffing,Housing Recovery Office PS,"$350,000 ","$19,078 ","$272,985 ","$44,962 "
DEPT OF INFO TECH & TELECOMM,Government Operations,HRO G2G,$0 ,$0 ,"$218,417 ","$89,794 "
DEPT OF INFO TECH & TELECOMM,Programmatic Support,People's Bus,$0 ,$0 ,"$25,000 ","$17,204 "
DEPT OF INFO TECH & TELECOMM,Government Operations,Microsoft Enterprise Licensing,$0 ,$0 ,"$7,605,656 ","$7,605,656 "
DEPT OF INFO TECH & TELECOMM,Personnel/Staffing,NYC Cyber Command PS,$0 ,$0 ,"$17,038,963 ","$17,003,723 "
DEPT OF INFO TECH & TELECOMM,Government Operations,Government Operations,,$0 ,,"$45,215 "
DEPT OF INFO TECH & TELECOMM,Programmatic Support,Programmatic Support,"$4,415,000 ","$2,858,330 ","$1,304,894 ","$1,304,893 "
DEPT OF INFO TECH & TELECOMM,Personnel/Staffing,Personnel/Staffing,$0 ,$0 ,"$18,045,318 ","$16,848,871 "
DEPT OF INFO TECH & TELECOMM,Personnel/Staffing,DOITT ARP,,$0 ,,$0 
DEPARTMENT OF CONSUMER AND WORKER PROTECTION,Personnel/Staffing,COVID Response/Leave,"$12,230 ",$0 ,"$2,596,000 ","$2,596,000 "
CAMPAIGN FINANCE BOARD,Covid Response - City Operations,Other,"$21,159 ",$0 ,,$0 
OFFICE OF THE ACTUARY,Covid Response - City Operations,Other,"$15,216 ",$0 ,,$0 
BOROUGH PRESIDENT - MANHATTAN,Covid Response - City Operations,Other,"$17,921 ",$0 ,,$0 
BOROUGH PRESIDENT BRONX,Covid Response - City Operations,Other,"$43,549 ",$0 ,,$0 
BOROUGH PRESIDENT - BROOKLYN,Covid Response - City Operations,Other,"$5,690 ",$0 ,,$0 
BOROUGH PRESIDENT - QUEENS,Covid Response - City Operations,Other,"$3,954 ",$0 ,,$0 
BOROUGH PRESIDENT STATEN ISLAN,Covid Response - City Operations,Other,"$1,632 ",$0 ,,$0 
OFFICE OF THE COMPTROLLER,Covid Response - City Operations,Other,"$62,445 ",$0 ,,$0 
OFFICE OF ADMINISTRATIVE TAX APPEALS,Covid Response - City Operations,Other,"$3,865 ",$0 ,,$0 
DEPARTMENT OF CITY PLANNING,Covid Response - City Operations,Other,"$26,392 ",$0 ,,$0 
DEPARTMENT OF INVESTIGATION,Covid Response - City Operations,Other,"$105,309 ",$0 ,"$600,000 ","$600,000 "
CIVILIAN COMPLAINT REVIEW BD,Covid Response - City Operations,Other,"$17,372 ",$0 ,,$0 
DEPARTMENT OF VETERANS' SERVICES,Covid Response - City Operations,Other,"$6,308 ",$0 ,,$0 
BOARD OF CORRECTION,Covid Response - City Operations,Other,"$9,525 ",$0 ,,$0 
PUBLIC ADVOCATE,Covid Response - City Operations,Other,$690 ,$0 ,,$0 
CITY CLERK,Covid Response - City Operations,Other,"$10,280 ",$0 ,,$0 
FINANCIAL INFO SERVICES AGENCY,Covid Response - City Operations,Other,"$121,326 ",$0 ,,$0 
FINANCIAL INFO SERVICES AGENCY,Hiring & Attrition Management,Other,$0 ,$0 ,"$175,611 ",$0 
OFFICE PAYROLL ADMINISTRATION,Covid Response - City Operations,Other,"$48,742 ",$0 ,"$89,440 ",$0 
INDEPENDENT BUDGET OFFICE,Covid Response - City Operations,Other,"$12,244 ",$0 ,,$0 
EQUAL EMPLOY PRACTICES COMM,Covid Response - City Operations,Other,"$10,214 ",$0 ,,$0 
CIVIL SERVICE COMMISSION,Covid Response - City Operations,Other,$904 ,$0 ,,$0 
LANDMARKS PRESERVATION COMM.,Covid Response - City Operations,Other,"$15,323 ",$0 ,,$0 
COMMISSION ON HUMAN RIGHTS,Covid Response - City Operations,Other,"$16,195 ",$0 ,"$451,765 ",$0 
CONFLICTS OF INTEREST BOARD,Covid Response - City Operations,Other,"$5,850 ",$0 ,"$143,000 ","$142,836 "
OFC OF COLLECTIVE BARGAINING,Covid Response - City Operations,Other,"$3,302 ",$0 ,,$0 
OFFICE OF ADMIN TRIALS & HEARINGS,Covid Response - City Operations,Other,"$133,960 ","$133,939 ","$116,492 ","$116,492 "
BUSINESS INTEGRITY COMMISSION,Covid Response - City Operations,Other,"$17,060 ","$16,022 ","$159,086 ","$159,086 "
