Date,Citywide,Administration for Child Services,Department of Social Services,Board of Correction,Board of Elections,Business Integrity Commission,Civilian Complaint Review Board,Department for the Aging,Department of Buildings,Department of Citywide Administrative Services,Department of Consumer Affairs,Department of Correction,Department of Design and Construction,Department of Education,Department of Emergency Management,Department of Environmental Protection,Department of Finance,Department of Health and Mental Hygiene,Department of Homeless Services,Department of Information Technology and Telecommunications,Department of Parks and Recreation,Department of Probation,Department of Sanitation,Department of Small Business Services,Department of Transportation,Department of Veterans’ Services,Department of Youth and Community Development,District Attorney—Kings County,District Attorney—New York,District Attorney—Queens County,District Attorney—Richmond County,Equal Employment Practices Commission,Financial Information Services Agency,Fire Department,Housing Preservation and Development,Mayoralty,Miscellaneous,NYC Taxi and Limousine Commission,Office of Administrative Tax Appeals,Office of Administrative Trials and Hearings,Office of Special Narcotics,Office of the Actuary,Office of the Comptroller,Police Department,District Attorney Bronx County,Independent Budget Office,Law Department
2020 Mar 10 12:00:00 AM,"$38,377 ",$0 ,$0 ,$0 ,$0 ,$0 ,$0 ,$0 ,$0 ,$0 ,$0 ,$0 ,$0 ,$0 ,$0 ,$0 ,$0 ,$0 ,$0 ,$0 ,$0 ,$0 ,$0 ,$0 ,$0 ,$0 ,$0 ,"$36,103 ",$0 ,$0 ,$0 ,$0 ,$0 ,$0 ,$0 ,$0 ,$0 ,$0 ,$0 ,$0 ,$0 ,$0 ,$0 ,"$2,274 ",$0 ,$0 ,$0 
2020 Mar 11 12:00:00 AM,"$737,249 ",$0 ,$0 ,$0 ,$0 ,$0 ,$0 ,$0 ,$0 ,$0 ,$0 ,$0 ,$0 ,"$737,249 ",$0 ,$0 ,$0 ,$0 ,$0 ,$0 ,$0 ,$0 ,$0 ,$0 ,$0 ,$0 ,$0 ,$0 ,$0 ,$0 ,$0 ,$0 ,$0 ,$0 ,$0 ,$0 ,$0 ,$0 ,$0 ,$0 ,$0 ,$0 ,$0 ,$0 ,$0 ,$0 ,$0 
2020 Mar 12 12:00:00 AM,"$527,208 ",$0 ,$0 ,$0 ,$0 ,$0 ,$0 ,$0 ,$0 ,$0 ,$0 ,$0 ,$0 ,"$493,956 ","$29,966 ",$0 ,$0 ,$0 ,$0 ,$0 ,$0 ,$0 ,$0 ,$0 ,$0 ,$0 ,$0 ,$0 ,$0 ,"$3,286 ",$0 ,$0 ,$0 ,$0 ,$0 ,$0 ,$0 ,$0 ,$0 ,$0 ,$0 ,$0 ,$0 ,$0 ,$0 ,$0 ,$0 
2020 Mar 13 12:00:00 AM,"$8,988,428 ",$0 ,$0 ,$0 ,$0 ,$0 ,$0 ,$0 ,$0 ,$0 ,$0 ,"$9,705 ",$0 ,"$497,843 ","$166,910 ","$19,696 ",$0 ,"$20,428 ",$0 ,"$7,041,325 ",$0 ,$0 ,$0 ,$0 ,$0 ,$0 ,$0 ,"$36,451 ",$0 ,$0 ,$0 ,$0 ,$0 ,"$1,189,500 ",$0 ,$0 ,$0 ,$0 ,$0 ,$0 ,$0 ,$0 ,$0 ,"$6,570 ",$0 ,$0 ,$0 
2020 Mar 16 12:00:00 AM,"$291,894 ",$0 ,$0 ,$0 ,$0 ,$0 ,$0 ,$0 ,$0 ,$0 ,$0 ,$0 ,$0 ,"$145,939 ",$0 ,$0 ,$0 ,$0 ,$0 ,$0 ,$0 ,$0 ,$0 ,$0 ,$0 ,$0 ,$71 ,$0 ,$0 ,"$14,940 ",$0 ,$0 ,$0 ,$0 ,$0 ,$0 ,$0 ,$0 ,$0 ,$0 ,$0 ,$0 ,$0 ,"$130,944 ",$0 ,$0 ,$0 
2020 Mar 17 12:00:00 AM,"$1,049,038 ",$0 ,$0 ,$0 ,$0 ,$0 ,$0 ,$0 ,$0 ,$0 ,$0 ,$0 ,$0 ,"$206,414 ",$0 ,$0 ,$0 ,$114 ,$0 ,$0 ,$0 ,$0 ,"$106,868 ",$0 ,"$351,135 ",$0 ,$0 ,$0 ,$0 ,$0 ,$0 ,$0 ,$0 ,"$358,754 ",$0 ,$0 ,$0 ,$0 ,$0 ,$0 ,$0 ,$0 ,$0 ,"$25,753 ",$0 ,$0 ,$0 
2020 Mar 18 12:00:00 AM,"$527,829 ",$0 ,$0 ,$0 ,$0 ,$0 ,$0 ,$0 ,$0 ,$0 ,$0 ,$0 ,$0 ,"$505,924 ",$0 ,$0 ,$0 ,$0 ,$0 ,$0 ,$0 ,$0 ,"$19,978 ",$0 ,$0 ,$0 ,"$1,927 ",$0 ,$0 ,$0 ,$0 ,$0 ,$0 ,$0 ,$0 ,$0 ,$0 ,$0 ,$0 ,$0 ,$0 ,$0 ,$0 ,$0 ,$0 ,$0 ,$0 
2020 Mar 19 12:00:00 AM,"$926,496 ",$0 ,$0 ,$0 ,$0 ,$0 ,$0 ,$0 ,$0 ,$0 ,$0 ,$0 ,$0 ,"$140,980 ","$20,607 ",$0 ,"$152,160 ","$1,662 ",$0 ,"$26,856 ","$24,673 ",$0 ,$0 ,$0 ,"$450,647 ",$0 ,$0 ,"$7,475 ",$0 ,$0 ,$0 ,$0 ,$0 ,$0 ,$0 ,$0 ,$0 ,$0 ,$0 ,"$34,345 ",$0 ,$0 ,$0 ,"$67,091 ",$0 ,$0 ,$0 
2020 Mar 20 12:00:00 AM,"$1,095,997 ",$0 ,$0 ,$0 ,$0 ,$0 ,"$1,814 ",$0 ,$0 ,"$216,000 ",$800 ,$0 ,$0 ,"$331,361 ","$82,244 ",$0 ,$0 ,"$48,992 ",$0 ,"$325,632 ","$20,875 ",$0 ,"$46,620 ",$0 ,$0 ,$0 ,$0 ,$0 ,$0 ,$0 ,$0 ,$0 ,$0 ,$0 ,$0 ,$0 ,$0 ,$0 ,$0 ,"$20,000 ",$0 ,$0 ,$0 ,"$1,659 ",$0 ,$0 ,$0 
2020 Mar 23 12:00:00 AM,"$1,833,824 ",$0 ,$0 ,$0 ,$0 ,$0 ,$0 ,$0 ,$0 ,$0 ,$0 ,$0 ,$0 ,"$94,880 ","$1,417,403 ",$0 ,$0 ,$0 ,$0 ,"$300,300 ",$0 ,$0 ,"$7,781 ",$0 ,$0 ,$0 ,$0 ,$0 ,$0 ,$0 ,$0 ,$0 ,$0 ,$0 ,$0 ,$0 ,$0 ,$0 ,$0 ,$0 ,$0 ,$0 ,$0 ,"$13,460 ",$0 ,$0 ,$0 
2020 Mar 24 12:00:00 AM,"$2,235,340 ",$0 ,$0 ,$0 ,$0 ,$0 ,$0 ,$0 ,$0 ,$0 ,$0 ,"$73,788 ",$0 ,"$62,500 ","$1,092,000 ",$0 ,$0 ,$0 ,$0 ,$0 ,$0 ,$0 ,$0 ,$0 ,$0 ,$0 ,$0 ,$0 ,$0 ,$0 ,$0 ,$0 ,$0 ,"$1,004,076 ",$0 ,$0 ,$0 ,$0 ,$0 ,$0 ,$0 ,$0 ,$0 ,"$2,976 ",$0 ,$0 ,$0 
2020 Mar 25 12:00:00 AM,"$1,785,572 ",$0 ,$0 ,$0 ,$0 ,$0 ,$0 ,$0 ,$0 ,"$993,800 ",$0 ,$0 ,$0 ,"$76,758 ","$19,975 ","$11,510 ",$0 ,"$2,085 ",$0 ,$0 ,"$55,197 ",$0 ,"$37,484 ",$0 ,$0 ,$0 ,$0 ,"$72,196 ","$516,567 ",$0 ,$0 ,$0 ,$0 ,$0 ,$0 ,$0 ,$0 ,$0 ,$0 ,$0 ,$0 ,$0 ,$0 ,$0 ,$0 ,$0 ,$0 
2020 Mar 26 12:00:00 AM,"$857,391 ",$0 ,$0 ,$0 ,$0 ,$0 ,$0 ,$0 ,$0 ,$0 ,$0 ,$0 ,$0 ,"$53,142 ","$1,000 ","$9,334 ",$0 ,$0 ,$0 ,"$584,615 ",$0 ,$0 ,$0 ,$0 ,$0 ,$0 ,$0 ,$0 ,$0 ,$0 ,$0 ,$0 ,$0 ,"$199,500 ",$0 ,$0 ,$0 ,$0 ,$0 ,$0 ,$0 ,$0 ,$0 ,"$9,800 ",$0 ,$0 ,$0 
2020 Mar 27 12:00:00 AM,"$13,391,287 ",$0 ,$0 ,$0 ,$0 ,$0 ,$0 ,$0 ,$0 ,$0 ,$0 ,$0 ,$0 ,"$95,229 ","$12,865,890 ",$0 ,$0 ,$0 ,$0 ,$0 ,$0 ,$0 ,"$96,000 ",$0 ,$0 ,$0 ,$0 ,$0 ,$0 ,$0 ,$0 ,$0 ,$0 ,"$277,368 ",$0 ,$0 ,$0 ,$0 ,$0 ,$0 ,$0 ,$0 ,$0 ,"$56,800 ",$0 ,$0 ,$0 
2020 Mar 28 12:00:00 AM,"$12,493 ",$0 ,$0 ,$0 ,$0 ,$0 ,$0 ,$0 ,$0 ,$0 ,$0 ,$0 ,$0 ,"$9,493 ","$3,000 ",$0 ,$0 ,$0 ,$0 ,$0 ,$0 ,$0 ,$0 ,$0 ,$0 ,$0 ,$0 ,$0 ,$0 ,$0 ,$0 ,$0 ,$0 ,$0 ,$0 ,$0 ,$0 ,$0 ,$0 ,$0 ,$0 ,$0 ,$0 ,$0 ,$0 ,$0 ,$0 
2020 Mar 30 12:00:00 AM,"$3,793,465 ",$0 ,$0 ,$0 ,$0 ,$0 ,$0 ,$0 ,$0 ,"$2,858,379 ",$0 ,"$82,500 ",$0 ,"$431,920 ","$105,575 ","$21,403 ",$0 ,$0 ,$0 ,$0 ,$0 ,$0 ,"$96,628 ",$0 ,"$6,900 ",$0 ,$0 ,$0 ,$0 ,$0 ,$0 ,$0 ,$0 ,"$190,160 ",$0 ,$0 ,$0 ,$0 ,$0 ,$0 ,$0 ,$0 ,$0 ,$0 ,$0 ,$0 ,$0 
2020 Mar 31 12:00:00 AM,"$12,416,852 ",$0 ,$0 ,$0 ,$0 ,$0 ,$0 ,"$92,853 ",$0 ,"$12,056,750 ",$0 ,$0 ,$0 ,"$198,475 ","$3,075 ","$19,900 ",$0 ,"$20,000 ",$0 ,$0 ,$0 ,$0 ,$0 ,$0 ,$0 ,$0 ,"$25,799 ",$0 ,$0 ,$0 ,$0 ,$0 ,$0 ,$0 ,$0 ,$0 ,$0 ,$0 ,$0 ,$0 ,$0 ,$0 ,$0 ,$0 ,$0 ,$0 ,$0 
2020 Apr 01 12:00:00 AM,"$390,062 ",$0 ,$0 ,$0 ,$0 ,$0 ,$0 ,$0 ,$0 ,"$45,127 ",$0 ,"$112,831 ",$0 ,"$70,775 ","$6,863 ",$0 ,$0 ,$0 ,$0 ,$0 ,$0 ,$0 ,$0 ,$0 ,"$10,095 ",$0 ,$0 ,$0 ,"$2,429 ",$0 ,$0 ,$0 ,$0 ,"$140,800 ",$0 ,"$1,142 ",$0 ,$0 ,$0 ,$0 ,$0 ,$0 ,$0 ,$0 ,$0 ,$0 ,$0 
2020 Apr 02 12:00:00 AM,"$358,204 ",$0 ,$0 ,$0 ,$0 ,$0 ,$0 ,$0 ,$0 ,$0 ,$0 ,$0 ,$0 ,"$34,161 ",$0 ,"$8,742 ",$0 ,$0 ,$0 ,"$168,525 ",$67 ,$0 ,$0 ,$0 ,$0 ,$0 ,$0 ,$0 ,$0 ,$0 ,$0 ,$0 ,$0 ,"$9,491 ",$0 ,$0 ,$0 ,$0 ,$0 ,$0 ,$0 ,$0 ,"$137,218 ",$0 ,$0 ,$0 ,$0 
2020 Apr 03 12:00:00 AM,"$14,783,882 ",$0 ,$0 ,$0 ,$0 ,$0 ,$0 ,$0 ,$0 ,"$2,979,000 ",$0 ,$0 ,"$78,668 ","$44,540 ","$64,252 ","$7,927 ",$0 ,"$1,647 ",$0 ,$0 ,"$13,804 ",$0 ,"$49,421 ",$0 ,"$3,542 ",$0 ,$0 ,"$1,400 ","$3,176 ",$0 ,$0 ,$0 ,$0 ,"$11,230,718 ",$0 ,$0 ,$0 ,$0 ,$0 ,$0 ,$0 ,"$24,923 ",$0 ,"$280,864 ",$0 ,$0 ,$0 
2020 Apr 04 12:00:00 AM,"$1,522,733 ",$0 ,$0 ,$0 ,$0 ,$0 ,$0 ,$0 ,$0 ,$0 ,$0 ,$0 ,$0 ,$133 ,$0 ,$0 ,$0 ,$0 ,$0 ,$0 ,$0 ,$0 ,$0 ,$0 ,$0 ,$0 ,$0 ,$0 ,$0 ,$0 ,$0 ,$0 ,$0 ,"$1,522,600 ",$0 ,$0 ,$0 ,$0 ,$0 ,$0 ,$0 ,$0 ,$0 ,$0 ,$0 ,$0 ,$0 
2020 Apr 06 12:00:00 AM,"$12,054,681 ",$0 ,$0 ,$0 ,$0 ,$0 ,$0 ,$0 ,$0 ,"$10,371,000 ",$0 ,$0 ,$0 ,"$17,720 ","$1,365,894 ","$11,800 ","$3,157 ","$20,342 ",$0 ,"$172,763 ",$0 ,$0 ,$0 ,$0 ,$0 ,$0 ,$0 ,$0 ,$0 ,$0 ,$0 ,$0 ,$0 ,$0 ,$0 ,$0 ,$0 ,$0 ,$0 ,$0 ,$0 ,$0 ,"$33,501 ","$58,504 ",$0 ,$0 ,$0 
2020 Apr 07 12:00:00 AM,"$981,728 ",$0 ,"$39,980 ",$0 ,$0 ,$0 ,$0 ,$0 ,$0 ,"$174,797 ",$0 ,"$122,000 ",$0 ,"$44,082 ","$31,620 ","$23,978 ",$0 ,$0 ,"$39,992 ",$0 ,"$359,220 ",$0 ,"$18,880 ",$0 ,$0 ,$0 ,$0 ,$0 ,$780 ,$0 ,$0 ,$0 ,$0 ,"$31,840 ",$0 ,$0 ,$0 ,$0 ,$0 ,$0 ,$0 ,$0 ,"$57,220 ","$37,339 ",$0 ,$0 ,$0 
2020 Apr 08 12:00:00 AM,"$49,012,095 ",$0 ,"$99,120 ",$0 ,$0 ,$0 ,$0 ,$0 ,$0 ,"$46,370,358 ",$0 ,"$5,305 ","$22,545 ","$385,105 ",$0 ,"$20,299 ",$0 ,"$2,099 ",$0 ,$0 ,"$10,462 ",$0 ,$0 ,$0 ,$0 ,$0 ,$0 ,"$5,277 ",$0 ,$0 ,$0 ,$0 ,$0 ,"$47,122 ",$0 ,$0 ,$0 ,$0 ,$0 ,$0 ,$0 ,$0 ,$0 ,"$2,044,403 ",$0 ,$0 ,$0 
2020 Apr 09 12:00:00 AM,"$2,502,106 ","$30,260 ",$0 ,$0 ,$0 ,$0 ,$0 ,$0 ,$0 ,"$1,497,100 ",$540 ,"$8,500 ",$0 ,"$273,978 ","$6,057 ",$0 ,$0 ,$0 ,$0 ,$0 ,"$11,339 ",$0 ,$0 ,$0 ,$0 ,$0 ,$0 ,$0 ,"$1,210 ",$0 ,$0 ,$0 ,$0 ,"$662,119 ",$0 ,"$7,278 ",$0 ,$0 ,$0 ,"$2,940 ",$0 ,$0 ,$0 ,$785 ,$0 ,$0 ,$0 
2020 Apr 10 12:00:00 AM,"$2,610,212 ",$0 ,$0 ,$0 ,$0 ,$0 ,$0 ,$0 ,$0 ,"$1,832,076 ",$0 ,$0 ,"$64,622 ","$36,524 ","$268,541 ",$0 ,$0 ,"$2,454 ",$0 ,$0 ,$0 ,$0 ,"$18,200 ",$0 ,$0 ,$0 ,$0 ,$0 ,$0 ,$0 ,$0 ,$0 ,$0 ,"$367,150 ",$0 ,$0 ,$0 ,$0 ,$0 ,$0 ,$0 ,$0 ,$0 ,"$20,645 ",$0 ,$0 ,$0 
2020 Apr 11 12:00:00 AM,"$560,052 ",$0 ,$0 ,$0 ,$0 ,$0 ,$0 ,$0 ,$0 ,"$557,960 ",$0 ,$0 ,$0 ,"$2,092 ",$0 ,$0 ,$0 ,$0 ,$0 ,$0 ,$0 ,$0 ,$0 ,$0 ,$0 ,$0 ,$0 ,$0 ,$0 ,$0 ,$0 ,$0 ,$0 ,$0 ,$0 ,$0 ,$0 ,$0 ,$0 ,$0 ,$0 ,$0 ,$0 ,$0 ,$0 ,$0 ,$0 
2020 Apr 12 12:00:00 AM,"$1,840 ",$0 ,$0 ,$0 ,$0 ,$0 ,$0 ,$0 ,$0 ,$0 ,$0 ,$0 ,$0 ,$0 ,"$1,840 ",$0 ,$0 ,$0 ,$0 ,$0 ,$0 ,$0 ,$0 ,$0 ,$0 ,$0 ,$0 ,$0 ,$0 ,$0 ,$0 ,$0 ,$0 ,$0 ,$0 ,$0 ,$0 ,$0 ,$0 ,$0 ,$0 ,$0 ,$0 ,$0 ,$0 ,$0 ,$0 
2020 Apr 13 12:00:00 AM,"$5,370,562 ",$0 ,$0 ,$0 ,$0 ,$0 ,$0 ,$0 ,$0 ,"$1,378,000 ",$0 ,"$2,153,855 ",$0 ,"$42,654 ",$0 ,"$38,800 ",$0 ,"$25,444 ",$0 ,$0 ,"$1,830 ",$0 ,$0 ,"$1,599,000 ",$0 ,$0 ,$0 ,$0 ,$281 ,$0 ,"$1,720 ",$0 ,$0 ,"$127,360 ",$0 ,$0 ,$0 ,$0 ,$0 ,$0 ,$0 ,$0 ,$0 ,"$1,618 ",$0 ,$0 ,$0 
2020 Apr 14 12:00:00 AM,"$467,018 ",$0 ,$0 ,$0 ,$0 ,$0 ,$0 ,$0 ,$0 ,"$257,548 ",$0 ,$0 ,$0 ,"$111,044 ","$1,022 ","$33,245 ",$0 ,$0 ,$0 ,$0 ,$0 ,$0 ,"$39,336 ",$0 ,$0 ,$0 ,$0 ,$0 ,$760 ,$0 ,$0 ,$0 ,$0 ,$0 ,$0 ,$0 ,$0 ,$0 ,$0 ,$0 ,$0 ,$0 ,$0 ,"$24,063 ",$0 ,$0 ,$0 
2020 Apr 15 12:00:00 AM,"$2,743,726 ",$0 ,$0 ,$0 ,$0 ,$0 ,$0 ,$0 ,$0 ,"$2,506,300 ",$0 ,$0 ,$0 ,"$108,290 ","$7,488 ",$0 ,$0 ,"$96,310 ",$0 ,$0 ,$0 ,$0 ,$0 ,$0 ,$0 ,$0 ,$0 ,$0 ,$0 ,$0 ,$0 ,$0 ,$0 ,$0 ,$0 ,$0 ,$0 ,$0 ,$0 ,$0 ,$0 ,$0 ,$0 ,"$25,338 ",$0 ,$0 ,$0 
2020 Apr 16 12:00:00 AM,"$9,620,990 ",$0 ,$0 ,"$6,349 ",$0 ,"$1,400 ",$0 ,$0 ,$0 ,"$3,376,174 ",$0 ,$0 ,$0 ,"$89,595 ",$0 ,"$5,967 ",$0 ,"$13,601 ",$0 ,"$5,187,936 ","$9,600 ",$0 ,$0 ,"$902,500 ",$0 ,$0 ,$0 ,$0 ,$0 ,$0 ,$0 ,$0 ,$0 ,$0 ,$0 ,$0 ,$0 ,$0 ,$0 ,$0 ,$0 ,$0 ,$0 ,"$27,868 ",$0 ,$0 ,$0 
2020 Apr 17 12:00:00 AM,"$503,537 ",$0 ,"$10,512 ",$0 ,$0 ,$0 ,$0 ,$0 ,"$350,220 ",$0 ,$0 ,$0 ,$0 ,"$47,706 ",$0 ,$0 ,$0 ,"$3,499 ",$0 ,$0 ,$0 ,$0 ,$0 ,$0 ,$0 ,$0 ,$0 ,"$72,196 ",$0 ,$0 ,$0 ,$0 ,$0 ,$0 ,$0 ,$0 ,$0 ,$0 ,$0 ,$0 ,$0 ,$0 ,$0 ,"$19,404 ",$0 ,$0 ,$0 
2020 Apr 18 12:00:00 AM,"$1,890,000 ",$0 ,$0 ,$0 ,$0 ,$0 ,$0 ,$0 ,$0 ,"$1,890,000 ",$0 ,$0 ,$0 ,$0 ,$0 ,$0 ,$0 ,$0 ,$0 ,$0 ,$0 ,$0 ,$0 ,$0 ,$0 ,$0 ,$0 ,$0 ,$0 ,$0 ,$0 ,$0 ,$0 ,$0 ,$0 ,$0 ,$0 ,$0 ,$0 ,$0 ,$0 ,$0 ,$0 ,$0 ,$0 ,$0 ,$0 
2020 Apr 19 12:00:00 AM,"$523,250 ",$0 ,$0 ,$0 ,$0 ,$0 ,$0 ,$0 ,$0 ,"$523,250 ",$0 ,$0 ,$0 ,$0 ,$0 ,$0 ,$0 ,$0 ,$0 ,$0 ,$0 ,$0 ,$0 ,$0 ,$0 ,$0 ,$0 ,$0 ,$0 ,$0 ,$0 ,$0 ,$0 ,$0 ,$0 ,$0 ,$0 ,$0 ,$0 ,$0 ,$0 ,$0 ,$0 ,$0 ,$0 ,$0 ,$0 
2020 Apr 20 12:00:00 AM,"$1,546,794 ",$0 ,$0 ,$0 ,$0 ,$0 ,$0 ,$0 ,$0 ,"$1,375,000 ",$0 ,"$110,900 ",$0 ,"$28,864 ","$5,436 ","$24,959 ",$0 ,"$1,635 ",$0 ,$0 ,$0 ,$0 ,$0 ,$0 ,$0 ,$0 ,$0 ,$0 ,$0 ,$0 ,$0 ,$0 ,$0 ,$0 ,$0 ,$0 ,$0 ,$0 ,$0 ,$0 ,$0 ,$0 ,$0 ,$0 ,$0 ,$0 ,$0 
2020 Apr 21 12:00:00 AM,"$6,291,960 ",$0 ,$0 ,$0 ,$0 ,$0 ,$0 ,$0 ,$0 ,"$4,746,963 ",$0 ,$0 ,$0 ,"$59,109 ","$7,339 ","$8,345 ",$0 ,"$533,075 ",$0 ,$0 ,"$5,445 ",$0 ,$0 ,$0 ,$0 ,$0 ,$0 ,"$72,226 ",$507 ,"$25,442 ","$2,299 ",$0 ,$0 ,"$831,210 ",$0 ,$0 ,$0 ,$0 ,$0 ,$0 ,$0 ,$0 ,$0 ,$0 ,$0 ,$0 ,$0 
2020 Apr 22 12:00:00 AM,"$12,784,506 ",$0 ,$0 ,$0 ,$0 ,$0 ,$0 ,$0 ,$0 ,"$10,168,883 ",$0 ,$0 ,$0 ,"$49,826 ","$210,815 ","$18,500 ",$0 ,$0 ,$0 ,"$614,936 ","$19,470 ",$0 ,$0 ,"$1,668,600 ",$0 ,$0 ,$0 ,"$13,181 ",$0 ,$0 ,$0 ,$0 ,$0 ,$0 ,$0 ,$0 ,$0 ,$0 ,$0 ,$325 ,$0 ,$0 ,$0 ,"$19,970 ",$0 ,$0 ,$0 
2020 Apr 23 12:00:00 AM,"$38,916,405 ",$0 ,$0 ,$0 ,$0 ,$418 ,"$51,552 ",$0 ,$0 ,"$35,173,700 ",$0 ,$0 ,$0 ,"$38,914 ","$3,583,588 ","$56,975 ",$0 ,"$3,315 ",$0 ,$0 ,$0 ,$0 ,$484 ,$0 ,$0 ,$0 ,$0 ,$0 ,$0 ,$0 ,$0 ,$0 ,$0 ,$0 ,$0 ,$0 ,$0 ,$0 ,$0 ,"$3,750 ",$0 ,$0 ,$0 ,"$3,709 ",$0 ,$0 ,$0 
2020 Apr 24 12:00:00 AM,"$7,109,228 ","$25,500 ",$0 ,$0 ,$0 ,$0 ,$0 ,$0 ,"$37,985 ","$6,242,900 ",$0 ,$0 ,"$2,921 ","$30,403 ","$11,434 ","$20,306 ",$0 ,"$50,476 ","$20,000 ","$665,984 ",$0 ,$0 ,$0 ,$0 ,$0 ,$0 ,$0 ,$0 ,$0 ,$0 ,$0 ,$0 ,$0 ,$0 ,$0 ,$0 ,$0 ,$0 ,$0 ,"$1,319 ",$0 ,$0 ,$0 ,$0 ,$0 ,$0 ,$0 
2020 Apr 25 12:00:00 AM,"$500,000 ",$0 ,$0 ,$0 ,$0 ,$0 ,$0 ,$0 ,$0 ,"$500,000 ",$0 ,$0 ,$0 ,$0 ,$0 ,$0 ,$0 ,$0 ,$0 ,$0 ,$0 ,$0 ,$0 ,$0 ,$0 ,$0 ,$0 ,$0 ,$0 ,$0 ,$0 ,$0 ,$0 ,$0 ,$0 ,$0 ,$0 ,$0 ,$0 ,$0 ,$0 ,$0 ,$0 ,$0 ,$0 ,$0 ,$0 
2020 Apr 27 12:00:00 AM,"$413,112 ",$0 ,$0 ,$0 ,$0 ,$0 ,$0 ,$0 ,$0 ,"$15,829 ",$0 ,$0 ,$0 ,"$11,555 ","$6,773 ","$19,938 ",$0 ,$0 ,$0 ,"$359,017 ",$0 ,$0 ,$0 ,$0 ,$0 ,$0 ,$0 ,$0 ,$0 ,$0 ,$0 ,$0 ,$0 ,$0 ,$0 ,$0 ,$0 ,$0 ,$0 ,$0 ,$0 ,$0 ,$0 ,$0 ,$0 ,$0 ,$0 
2020 Apr 28 12:00:00 AM,"$3,319,866 ",$0 ,"$20,000 ",$0 ,$0 ,$0 ,$0 ,$0 ,$0 ,"$2,752,385 ",$0 ,$0 ,$0 ,"$47,091 ","$14,267 ","$23,700 ",$0 ,"$2,138 ",$0 ,"$80,400 ","$39,300 ",$0 ,$0 ,$0 ,"$74,340 ",$0 ,$0 ,$0 ,$0 ,"$63,301 ",$0 ,$0 ,$0 ,"$112,794 ",$0 ,$0 ,$0 ,$0 ,$0 ,$0 ,$0 ,$0 ,$0 ,"$90,150 ",$0 ,$0 ,$0 
2020 Apr 29 12:00:00 AM,"$945,587 ",$0 ,$0 ,$0 ,$0 ,$0 ,$0 ,$0 ,$0 ,"$802,660 ",$0 ,$0 ,$0 ,"$49,695 ","$2,345 ","$21,360 ",$0 ,"$17,238 ",$0 ,"$19,999 ","$6,067 ",$0 ,$0 ,$0 ,$0 ,$0 ,$0 ,$0 ,$0 ,"$23,301 ","$1,250 ",$0 ,$0 ,$0 ,$0 ,$0 ,$0 ,$0 ,$0 ,$0 ,$0 ,$0 ,$0 ,"$1,672 ",$0 ,$0 ,$0 
2020 Apr 30 12:00:00 AM,"$3,545,347 ",$0 ,$0 ,$0 ,$0 ,$0 ,$0 ,$0 ,$0 ,"$1,957,170 ",$0 ,$0 ,$0 ,"$537,501 ","$20,752 ","$7,750 ",$0 ,"$927,915 ",$0 ,"$10,279 ","$19,999 ",$0 ,$0 ,$0 ,$0 ,$0 ,$0 ,"$2,592 ",$0 ,"$1,743 ",$0 ,$0 ,$0 ,"$59,646 ",$0 ,$0 ,$0 ,$0 ,$0 ,$0 ,$0 ,$0 ,$0 ,$0 ,$0 ,$0 ,$0 
2020 May 01 12:00:00 AM,"$515,968 ",$0 ,$0 ,$0 ,$0 ,$0 ,$0 ,$0 ,$0 ,"$90,666 ",$0 ,$0 ,$0 ,"$101,690 ","$8,211 ","$7,729 ",$0 ,"$1,822 ",$0 ,"$176,160 ","$19,200 ",$0 ,"$7,465 ",$0 ,$0 ,$0 ,$0 ,$0 ,$0 ,$0 ,$0 ,$0 ,$0 ,"$99,933 ",$0 ,$0 ,$0 ,$0 ,$0 ,$0 ,$0 ,$0 ,$0 ,"$3,092 ",$0 ,$0 ,$0 
2020 May 02 12:00:00 AM,"$33,150 ",$0 ,$0 ,$0 ,$0 ,$0 ,$0 ,$0 ,$0 ,$0 ,$0 ,$0 ,$0 ,$0 ,"$33,150 ",$0 ,$0 ,$0 ,$0 ,$0 ,$0 ,$0 ,$0 ,$0 ,$0 ,$0 ,$0 ,$0 ,$0 ,$0 ,$0 ,$0 ,$0 ,$0 ,$0 ,$0 ,$0 ,$0 ,$0 ,$0 ,$0 ,$0 ,$0 ,$0 ,$0 ,$0 ,$0 
2020 May 04 12:00:00 AM,"$88,173 ",$0 ,$0 ,$0 ,$0 ,$0 ,$0 ,$424 ,$0 ,"$47,090 ","$8,400 ",$0 ,$0 ,"$12,304 ",$0 ,$0 ,$0 ,$435 ,$0 ,$0 ,$0 ,$0 ,$0 ,$0 ,$0 ,$0 ,$0 ,$0 ,$0 ,$0 ,$0 ,$0 ,$0 ,$0 ,$0 ,$0 ,$0 ,$0 ,$0 ,$0 ,$0 ,$0 ,$0 ,"$19,520 ",$0 ,$0 ,$0 
2020 May 05 12:00:00 AM,"$40,042,386 ",$0 ,"$188,040 ",$0 ,$0 ,$0 ,$0 ,"$37,990 ",$0 ,$0 ,$0 ,$0 ,$0 ,$107 ,"$2,429 ","$19,820 ",$0 ,"$686,651 ",$0 ,$0 ,$0 ,$0 ,$0 ,"$39,000,000 ",$0 ,$0 ,"$5,000 ",$0 ,$0 ,$0 ,"$2,000 ",$0 ,$0 ,"$100,349 ",$0 ,$0 ,$0 ,$0 ,$0 ,$0 ,$0 ,$0 ,$0 ,$0 ,$0 ,$0 ,$0 
2020 May 06 12:00:00 AM,"$1,067,855 ",$0 ,$0 ,$0 ,$0 ,$0 ,$0 ,$0 ,$0 ,"$17,520 ",$0 ,$0 ,$0 ,"$7,094 ","$2,189 ","$100,000 ",$0 ,"$858,805 ",$0 ,$0 ,$0 ,$0 ,$0 ,$0 ,$0 ,$0 ,$290 ,"$76,206 ",$0 ,$0 ,$0 ,$0 ,$0 ,$0 ,$0 ,"$1,001 ",$0 ,$0 ,$0 ,"$4,750 ",$0 ,$0 ,$0 ,$0 ,$0 ,$0 ,$0 
2020 May 07 12:00:00 AM,"$1,612,942 ",$0 ,$0 ,$0 ,$0 ,$0 ,$0 ,$0 ,$0 ,$1 ,$0 ,$0 ,$0 ,"$6,313 ",$687 ,$0 ,"$12,896 ",$0 ,$0 ,"$1,511,038 ",$0 ,"$13,750 ",$0 ,$0 ,$0 ,$0 ,$0 ,$0 ,$0 ,$0 ,$0 ,$0 ,$0 ,$0 ,$0 ,$0 ,$0 ,$0 ,$0 ,"$9,572 ","$58,685 ",$0 ,$0 ,$0 ,$0 ,$0 ,$0 
2020 May 08 12:00:00 AM,"$2,349,857 ",$0 ,$0 ,$0 ,$0 ,$0 ,$0 ,$0 ,$0 ,"$1,805,250 ",$0 ,$0 ,$0 ,"$19,778 ","$9,615 ","$15,750 ",$0 ,"$499,464 ",$0 ,$0 ,$0 ,$0 ,$0 ,$0 ,$0 ,$0 ,$0 ,$0 ,$0 ,$0 ,$0 ,$0 ,$0 ,$0 ,$0 ,$0 ,$0 ,$0 ,$0 ,$0 ,$0 ,$0 ,$0 ,$0 ,$0 ,$0 ,$0 
2020 May 11 12:00:00 AM,"$7,205,369 ",$0 ,$0 ,$0 ,$0 ,$0 ,$0 ,$0 ,$0 ,"$498,860 ",$0 ,$0 ,$0 ,"$85,477 ","$1,664 ","$19,998 ",$0 ,"$9,399 ",$0 ,$0 ,"$41,560 ",$0 ,$0 ,"$4,410,000 ",$0 ,$0 ,$0 ,$674 ,$0 ,$0 ,"$17,828 ",$0 ,$0 ,"$2,070,000 ",$0 ,$0 ,$0 ,$0 ,$0 ,$0 ,$0 ,$0 ,$0 ,"$49,909 ",$0 ,$0 ,$0 
2020 May 12 12:00:00 AM,"$3,712,690 ",$0 ,$0 ,$0 ,$0 ,$0 ,$0 ,$0 ,$0 ,"$257,916 ",$0 ,$0 ,$0 ,"$28,252 ",$0 ,$0 ,$0 ,$0 ,$0 ,$0 ,"$19,844 ",$0 ,$778 ,"$3,083,750 ",$0 ,$0 ,$0 ,$0 ,"$322,150 ",$0 ,$0 ,$0 ,$0 ,$0 ,$0 ,$0 ,$0 ,$0 ,$0 ,$0 ,$0 ,$0 ,$0 ,$0 ,$0 ,$0 ,$0 
2020 May 13 12:00:00 AM,"$1,131,655 ",$0 ,$0 ,$0 ,$0 ,$0 ,$0 ,$0 ,$0 ,"$15,275 ",$0 ,$0 ,$0 ,"$993,991 ",$0 ,"$36,175 ",$0 ,"$3,331 ",$0 ,$0 ,"$19,950 ",$0 ,$0 ,$0 ,$0 ,$0 ,$0 ,$0 ,$0 ,"$14,400 ",$0 ,$0 ,$0 ,"$10,000 ",$0 ,$0 ,$0 ,$0 ,$0 ,$0 ,$0 ,$0 ,$0 ,"$38,533 ",$0 ,$0 ,$0 
2020 May 14 12:00:00 AM,"$2,062,160 ",$0 ,$0 ,$0 ,$0 ,$0 ,$0 ,$0 ,"$18,450 ",$0 ,$0 ,$0 ,$0 ,"$629,943 ","$1,244,500 ","$2,672 ",$0 ,$0 ,$0 ,$0 ,$0 ,$0 ,$0 ,"$159,264 ",$0 ,$0 ,$0 ,$0 ,$0 ,$0 ,"$7,331 ",$0 ,$0 ,$0 ,$0 ,$0 ,$0 ,$0 ,$0 ,$0 ,$0 ,$0 ,$0 ,$0 ,$0 ,$0 ,$0 
2020 May 15 12:00:00 AM,"$100,482,890 ",$0 ,$0 ,$0 ,$0 ,$0 ,$0 ,$0 ,$0 ,"$64,620 ",$0 ,$0 ,"$100,000,000 ","$28,760 ","$51,791 ",$0 ,$0 ,"$217,000 ",$0 ,"$10,741 ",$0 ,$0 ,$0 ,"$43,268 ",$0 ,$0 ,$0 ,$0 ,$0 ,$0 ,$0 ,$0 ,$0 ,"$6,710 ",$0 ,"$60,000 ",$0 ,$0 ,$0 ,$0 ,$0 ,$0 ,$0 ,$0 ,$0 ,$0 ,$0 
2020 May 16 12:00:00 AM,"$278,623 ",$0 ,$0 ,$0 ,$0 ,$0 ,$0 ,$0 ,$0 ,"$278,623 ",$0 ,$0 ,$0 ,$0 ,$0 ,$0 ,$0 ,$0 ,$0 ,$0 ,$0 ,$0 ,$0 ,$0 ,$0 ,$0 ,$0 ,$0 ,$0 ,$0 ,$0 ,$0 ,$0 ,$0 ,$0 ,$0 ,$0 ,$0 ,$0 ,$0 ,$0 ,$0 ,$0 ,$0 ,$0 ,$0 ,$0 
2020 May 18 12:00:00 AM,"$2,333,397 ",$0 ,"$89,995 ",$0 ,$0 ,$0 ,$0 ,$0 ,$0 ,$0 ,$0 ,$0 ,$0 ,"$9,027 ","$131,676 ",$0 ,$0 ,"$95,168 ",$0 ,$0 ,$0 ,$0 ,$0 ,"$2,001,000 ",$0 ,$219 ,$0 ,$0 ,$0 ,$0 ,"$5,363 ",$0 ,$0 ,$0 ,$0 ,$0 ,$0 ,$0 ,$0 ,$0 ,$0 ,$0 ,$0 ,$949 ,$0 ,$0 ,$0 
2020 May 19 12:00:00 AM,"$105,599 ",$0 ,$0 ,$0 ,$0 ,$0 ,$0 ,$0 ,$0 ,$0 ,$0 ,"$10,583 ",$0 ,"$16,026 ",$0 ,$0 ,"$3,690 ",$0 ,$0 ,$0 ,$0 ,"$55,500 ",$0 ,$0 ,$0 ,$0 ,$0 ,$0 ,$0 ,$0 ,$0 ,$0 ,$0 ,$0 ,$0 ,$0 ,$0 ,$0 ,$0 ,$0 ,$0 ,$0 ,$0 ,"$19,800 ",$0 ,$0 ,$0 
2020 May 20 12:00:00 AM,"$1,488,228 ","$84,800 ",$0 ,$0 ,$0 ,$0 ,$0 ,$0 ,$0 ,"$1,248,272 ",$0 ,$0 ,$0 ,"$6,227 ",$0 ,"$2,855 ",$0 ,"$4,679 ","$99,900 ",$0 ,"$23,550 ",$0 ,$0 ,$0 ,$0 ,$0 ,$0 ,"$4,009 ",$0 ,$0 ,$0 ,$0 ,$0 ,"$11,630 ",$0 ,$0 ,$0 ,$0 ,$0 ,"$2,306 ",$0 ,$0 ,$0 ,$0 ,$0 ,$0 ,$0 
2020 May 21 12:00:00 AM,"$21,142,692 ",$0 ,$0 ,$0 ,$0 ,$0 ,$0 ,$2 ,$0 ,"$20,950,800 ",$0 ,$0 ,"$26,304 ","$56,634 ",$11 ,"$19,450 ","$10,990 ","$14,534 ",$0 ,"$30,049 ","$3,208 ",$0 ,$0 ,$0 ,$0 ,$0 ,$0 ,$0 ,$0 ,$0 ,$0 ,"$3,510 ",$0 ,$0 ,$0 ,$0 ,$0 ,$0 ,$0 ,$0 ,$0 ,$0 ,$0 ,"$27,200 ",$0 ,$0 ,$0 
2020 May 22 12:00:00 AM,"$1,666,629 ",$0 ,$0 ,$0 ,$0 ,$0 ,$0 ,$0 ,$0 ,$0 ,$0 ,$0 ,$0 ,"$459,408 ",$558 ,"$2,406 ",$0 ,"$16,500 ","$99,870 ","$1,063,536 ",$0 ,"$15,142 ",$0 ,$0 ,$0 ,$0 ,$0 ,$0 ,$334 ,$0 ,$0 ,$0 ,$0 ,$0 ,$0 ,$0 ,$0 ,$0 ,$0 ,$0 ,$0 ,$0 ,$0 ,"$8,875 ",$0 ,$0 ,$0 
2020 May 26 12:00:00 AM,"$47,493 ",$0 ,$0 ,$0 ,$0 ,$0 ,$0 ,$0 ,$0 ,$0 ,$0 ,$0 ,$0 ,"$8,737 ",$863 ,"$21,627 ",$0 ,"$11,859 ",$0 ,$0 ,$0 ,$0 ,$0 ,$0 ,$0 ,$0 ,$0 ,$0 ,"$4,407 ",$0 ,$0 ,$0 ,$0 ,$0 ,$0 ,$0 ,$0 ,$0 ,$0 ,$0 ,$0 ,$0 ,$0 ,$0 ,$0 ,$0 ,$0 
2020 May 27 12:00:00 AM,"$4,022,065 ",$0 ,$0 ,$0 ,$0 ,$0 ,$0 ,$0 ,$0 ,$0 ,$0 ,$0 ,$0 ,"$577,569 ",$0 ,$0 ,$0 ,"$308,159 ",$0 ,"$1,394 ","$8,809 ",$0 ,"$3,106,134 ",$0 ,$0 ,$0 ,$0 ,$0 ,$0 ,$0 ,$0 ,$0 ,$0 ,$0 ,$0 ,$0 ,$0 ,$0 ,$0 ,$0 ,$0 ,$0 ,$0 ,"$20,000 ",$0 ,$0 ,$0 
2020 May 28 12:00:00 AM,"$19,276,795 ",$0 ,$0 ,$0 ,$0 ,$0 ,$0 ,$0 ,$0 ,"$18,507,000 ",$0 ,$0 ,$0 ,"$40,529 ","$7,595 ","$1,042 ",$0 ,$0 ,$0 ,"$658,264 ",$0 ,"$51,400 ",$0 ,$0 ,$0 ,$0 ,$0 ,$0 ,"$6,863 ",$0 ,"$4,102 ",$0 ,$0 ,$0 ,$0 ,$0 ,$0 ,$0 ,$0 ,$0 ,$0 ,$0 ,$0 ,$0 ,$0 ,$0 ,$0 
2020 May 29 12:00:00 AM,"$2,204,115 ",$0 ,"$19,471 ",$0 ,$0 ,$0 ,$0 ,$0 ,$0 ,"$2,024,081 ","$19,974 ",$0 ,"$15,800 ","$76,792 ","$5,463 ","$3,923 ","$5,890 ","$20,221 ",$0 ,$0 ,"$12,500 ",$0 ,$0 ,$0 ,$0 ,$0 ,$0 ,$0 ,$0 ,$0 ,$0 ,$0 ,$0 ,$0 ,$0 ,$0 ,$0 ,$0 ,$0 ,$0 ,$0 ,$0 ,$0 ,$0 ,$0 ,$0 ,$0 
2020 May 31 12:00:00 AM,"$13,535,780 ",$0 ,$0 ,$0 ,$0 ,$0 ,$0 ,$0 ,$0 ,"$13,535,780 ",$0 ,$0 ,$0 ,$0 ,$0 ,$0 ,$0 ,$0 ,$0 ,$0 ,$0 ,$0 ,$0 ,$0 ,$0 ,$0 ,$0 ,$0 ,$0 ,$0 ,$0 ,$0 ,$0 ,$0 ,$0 ,$0 ,$0 ,$0 ,$0 ,$0 ,$0 ,$0 ,$0 ,$0 ,$0 ,$0 ,$0 
2020 Jun 01 12:00:00 AM,"$112,821 ",$0 ,$0 ,$0 ,$0 ,$0 ,$0 ,$0 ,$0 ,$0 ,$0 ,$0 ,$0 ,"$27,080 ",$558 ,$810 ,$0 ,"$17,642 ",$0 ,$0 ,"$28,500 ",$0 ,$0 ,$0 ,$0 ,$0 ,"$23,108 ",$0 ,$0 ,$0 ,$0 ,$0 ,$0 ,$0 ,$0 ,$0 ,$0 ,$0 ,$0 ,$0 ,$0 ,$0 ,$0 ,"$15,123 ",$0 ,$0 ,$0 
2020 Jun 02 12:00:00 AM,"$7,696,941 ",$0 ,$0 ,$0 ,$0 ,$0 ,$0 ,$0 ,$0 ,"$7,250,000 ",$0 ,$0 ,$0 ,"$411,224 ",$0 ,$0 ,$0 ,"$2,235 ",$0 ,$0 ,$0 ,"$15,100 ",$0 ,"$18,382 ",$0 ,$0 ,$0 ,$0 ,$0 ,$0 ,$0 ,$0 ,$0 ,$0 ,$0 ,$0 ,$0 ,$0 ,$0 ,$0 ,$0 ,$0 ,$0 ,$0 ,$0 ,$0 ,$0 
2020 Jun 03 12:00:00 AM,"$236,654 ",$0 ,$0 ,$0 ,$0 ,$0 ,$0 ,$0 ,$0 ,$0 ,$0 ,$0 ,$0 ,"$26,804 ",$0 ,$0 ,$0 ,$0 ,$0 ,"$173,538 ",$0 ,$0 ,$0 ,$0 ,$0 ,$0 ,$0 ,$0 ,$0 ,$0 ,$0 ,$0 ,$0 ,$0 ,$0 ,$0 ,$0 ,$0 ,$0 ,"$36,312 ",$0 ,$0 ,$0 ,$0 ,$0 ,$0 ,$0 
2020 Jun 04 12:00:00 AM,"$3,653,544 ",$0 ,$0 ,$0 ,$0 ,$0 ,$0 ,"$13,500 ",$0 ,$0 ,$0 ,$0 ,$0 ,"$429,040 ",$26 ,$0 ,$0 ,$0 ,$0 ,$0 ,"$2,208 ",$0 ,$0 ,"$3,207,000 ",$0 ,$0 ,$0 ,$0 ,"$1,770 ",$0 ,$0 ,$0 ,$0 ,$0 ,$0 ,$0 ,$0 ,$0 ,$0 ,$0 ,$0 ,$0 ,$0 ,$0 ,$0 ,$0 ,$0 
2020 Jun 05 12:00:00 AM,"$3,063,034 ",$0 ,$0 ,$0 ,$0 ,$0 ,$0 ,$0 ,$0 ,"$2,865,000 ",$0 ,$0 ,$0 ,"$39,358 ",$0 ,"$16,995 ","$48,495 ","$65,750 ",$0 ,$0 ,$0 ,"$11,938 ",$0 ,$0 ,$0 ,$0 ,$0 ,$0 ,$498 ,$0 ,$0 ,$0 ,$0 ,$0 ,$0 ,$0 ,$0 ,$0 ,$0 ,$0 ,$0 ,$0 ,$0 ,"$15,000 ",$0 ,$0 ,$0 
2020 Jun 06 12:00:00 AM,"$32,127 ",$0 ,$0 ,$0 ,$0 ,$0 ,$0 ,$0 ,$0 ,"$31,820 ",$0 ,$0 ,$0 ,$307 ,$0 ,$0 ,$0 ,$0 ,$0 ,$0 ,$0 ,$0 ,$0 ,$0 ,$0 ,$0 ,$0 ,$0 ,$0 ,$0 ,$0 ,$0 ,$0 ,$0 ,$0 ,$0 ,$0 ,$0 ,$0 ,$0 ,$0 ,$0 ,$0 ,$0 ,$0 ,$0 ,$0 
2020 Jun 08 12:00:00 AM,"$528,227 ",$0 ,$0 ,$0 ,$0 ,$0 ,$0 ,$0 ,$0 ,"$5,070 ","$1,681 ",$0 ,$0 ,"$499,840 ","$10,553 ","$10,553 ",$0 ,$0 ,$0 ,$0 ,$0 ,$0 ,$0 ,$0 ,$0 ,$0 ,$0 ,$0 ,$530 ,$0 ,$0 ,$0 ,$0 ,$0 ,$0 ,$0 ,$0 ,$0 ,$0 ,$0 ,$0 ,$0 ,$0 ,$0 ,$0 ,$0 ,$0 
2020 Jun 09 12:00:00 AM,"$166,131 ",$0 ,$0 ,$0 ,$0 ,$0 ,$0 ,$0 ,$0 ,$0 ,"$6,916 ","$49,950 ",$0 ,"$93,249 ","$2,620 ",$0 ,$0 ,"$1,155 ",$0 ,$0 ,$0 ,$0 ,$0 ,"$6,441 ",$0 ,$0 ,$0 ,$0 ,"$5,800 ",$0 ,$0 ,$0 ,$0 ,$0 ,$0 ,$0 ,$0 ,$0 ,$0 ,$0 ,$0 ,$0 ,$0 ,$0 ,$0 ,$0 ,$0 
2020 Jun 10 12:00:00 AM,"$2,726,431 ",$0 ,$0 ,$0 ,$0 ,$0 ,$0 ,$0 ,$0 ,"$2,272,500 ",$0 ,$0 ,$0 ,"$194,020 ",$623 ,$0 ,$589 ,$0 ,$0 ,$0 ,$0 ,$0 ,$0 ,"$6,685 ",$0 ,$0 ,"$99,999 ",$0 ,"$1,180 ",$0 ,$0 ,$0 ,$0 ,"$150,835 ",$0 ,$0 ,$0 ,$0 ,$0 ,$0 ,$0 ,$0 ,$0 ,$0 ,$0 ,$0 ,$0 
2020 Jun 11 12:00:00 AM,"$1,272,062 ",$0 ,$0 ,$0 ,$0 ,$0 ,$0 ,$0 ,$0 ,"$29,120 ",$450 ,$0 ,$0 ,"$1,238,448 ","$1,654 ",$0 ,$0 ,$24 ,$0 ,$0 ,$0 ,$0 ,$0 ,$0 ,$0 ,$0 ,$0 ,$0 ,$0 ,$0 ,$0 ,$0 ,$0 ,$0 ,$0 ,$0 ,$0 ,$0 ,$0 ,$0 ,"$2,366 ",$0 ,$0 ,$0 ,$0 ,$0 ,$0 
2020 Jun 12 12:00:00 AM,"$8,395,286 ",$0 ,$0 ,$0 ,$0 ,$0 ,$0 ,$0 ,$0 ,$0 ,$0 ,$0 ,$0 ,"$135,413 ",$473 ,$0 ,$0 ,$0 ,$0 ,$0 ,$0 ,$0 ,$0 ,$0 ,$0 ,$0 ,"$60,400 ",$0 ,$0 ,$0 ,$0 ,$0 ,$0 ,$0 ,$0 ,$0 ,$0 ,$0 ,$0 ,$0 ,$0 ,$0 ,$0 ,"$8,199,000 ",$0 ,$0 ,$0 
2020 Jun 13 12:00:00 AM,"$2,100,676 ",$0 ,$0 ,$0 ,$0 ,$0 ,$0 ,$0 ,$0 ,"$1,102,500 ",$0 ,$0 ,$0 ,"$998,176 ",$0 ,$0 ,$0 ,$0 ,$0 ,$0 ,$0 ,$0 ,$0 ,$0 ,$0 ,$0 ,$0 ,$0 ,$0 ,$0 ,$0 ,$0 ,$0 ,$0 ,$0 ,$0 ,$0 ,$0 ,$0 ,$0 ,$0 ,$0 ,$0 ,$0 ,$0 ,$0 ,$0 
2020 Jun 15 12:00:00 AM,"$5,122,943 ",$0 ,$0 ,$0 ,$0 ,$0 ,$0 ,$0 ,$0 ,"$3,900,000 ","$9,888 ",$0 ,"$1,700 ","$1,120,656 ",$558 ,"$4,639 ",$0 ,"$6,703 ",$0 ,$0 ,$0 ,"$13,732 ",$0 ,$0 ,$0 ,$0 ,$0 ,$0 ,"$19,540 ","$5,527 ",$0 ,$0 ,$0 ,$0 ,$0 ,$0 ,$0 ,"$40,000 ",$0 ,$0 ,$0 ,$0 ,$0 ,$0 ,$0 ,$0 ,$0 
2020 Jun 16 12:00:00 AM,"$5,799,066 ",$0 ,$0 ,$0 ,$0 ,$0 ,$0 ,$0 ,$0 ,$0 ,$0 ,$0 ,$0 ,"$337,278 ","$2,335,051 ",$0 ,$0 ,"$32,196 ",$0 ,"$3,020,740 ",$0 ,$0 ,$0 ,$0 ,$0 ,$0 ,"$1,588 ",$0 ,"$63,160 ",$0 ,$0 ,$0 ,$0 ,$0 ,$0 ,$0 ,$0 ,$0 ,$0 ,$0 ,$0 ,$0 ,$0 ,"$9,053 ",$0 ,$0 ,$0 
2020 Jun 17 12:00:00 AM,"$10,154,322 ",$0 ,$0 ,$0 ,$0 ,$0 ,$0 ,$0 ,$0 ,"$64,000 ","$1,999 ",$0 ,$0 ,"$115,125 ",$0 ,$0 ,$0 ,$0 ,$0 ,"$5,000 ","$1,693 ",$0 ,$0 ,"$9,933,078 ",$0 ,$0 ,$0 ,$0 ,"$33,427 ",$0 ,$0 ,$0 ,$0 ,$0 ,$0 ,$0 ,$0 ,$0 ,$0 ,$0 ,$0 ,$0 ,$0 ,$0 ,$0 ,$0 ,$0 
2020 Jun 18 12:00:00 AM,"$677,996 ",$0 ,$0 ,$0 ,$0 ,$0 ,$0 ,$0 ,$0 ,"$449,000 ",$0 ,$0 ,$0 ,"$55,054 ",$0 ,$0 ,$0 ,$0 ,$0 ,$0 ,$0 ,"$44,030 ",$0 ,"$128,483 ",$0 ,$0 ,"$1,429 ",$0 ,$0 ,$0 ,$0 ,$0 ,$0 ,$0 ,$0 ,$0 ,$0 ,$0 ,$0 ,$0 ,$0 ,$0 ,$0 ,$0 ,$0 ,$0 ,$0 
2020 Jun 19 12:00:00 AM,"$113,950 ",$0 ,$0 ,$0 ,$0 ,$0 ,$0 ,$0 ,$0 ,$0 ,"$12,995 ",$0 ,$0 ,"$88,442 ",$31 ,$0 ,$0 ,"$12,482 ",$0 ,$0 ,$0 ,$0 ,$0 ,$0 ,$0 ,$0 ,$0 ,$0 ,$0 ,$0 ,$0 ,$0 ,$0 ,$0 ,$0 ,$0 ,$0 ,$0 ,$0 ,$0 ,$0 ,$0 ,$0 ,$0 ,$0 ,$0 ,$0 
2020 Jun 22 12:00:00 AM,"$4,062,312 ",$0 ,"$16,785 ",$0 ,$0 ,$0 ,$0 ,$0 ,$0 ,"$14,600 ",$666 ,"$130,500 ",$0 ,"$12,843 ",$0 ,$0 ,$0 ,$0 ,$0 ,$0 ,"$2,260 ",$0 ,$0 ,$0 ,$0 ,$0 ,"$4,353 ",$0 ,$0 ,$0 ,$0 ,$0 ,$0 ,$0 ,$0 ,$0 ,$0 ,$0 ,$0 ,$0 ,$0 ,$0 ,$0 ,"$3,880,305 ",$0 ,$0 ,$0 
2020 Jun 23 12:00:00 AM,"$190,661 ",$0 ,"$5,778 ",$0 ,$0 ,$0 ,$0 ,$0 ,$0 ,"$25,000 ",$0 ,$0 ,$0 ,"$2,713 ",$0 ,$0 ,$0 ,"$30,935 ",$0 ,$0 ,$0 ,$0 ,"$88,845 ",$0 ,$0 ,$0 ,"$3,150 ",$0 ,$0 ,$0 ,$0 ,$0 ,$0 ,$0 ,$0 ,$0 ,$0 ,$0 ,$0 ,$0 ,$0 ,$0 ,$0 ,"$34,240 ",$0 ,$0 ,$0 
2020 Jun 24 12:00:00 AM,"$38,103 ",$0 ,$0 ,$0 ,$0 ,$0 ,$0 ,$0 ,$0 ,$0 ,$0 ,$0 ,$0 ,"$26,253 ",$0 ,"$9,640 ",$0 ,$0 ,$0 ,$0 ,"$2,210 ",$0 ,$0 ,$0 ,$0 ,$0 ,$0 ,$0 ,$0 ,$0 ,$0 ,$0 ,$0 ,$0 ,$0 ,$0 ,$0 ,$0 ,$0 ,$0 ,$0 ,$0 ,$0 ,$0 ,$0 ,$0 ,$0 
2020 Jun 25 12:00:00 AM,"$1,228,238 ",$0 ,$0 ,$0 ,$0 ,$0 ,$0 ,$0 ,$0 ,$0 ,$0 ,$0 ,$0 ,"$4,318 ",$0 ,"$2,130 ",$0 ,"$1,093,750 ",$0 ,$0 ,$0 ,"$100,000 ",$0 ,"$28,040 ",$0 ,$0 ,$0 ,$0 ,$0 ,$0 ,$0 ,$0 ,$0 ,$0 ,$0 ,$0 ,$0 ,$0 ,$0 ,$0 ,$0 ,$0 ,$0 ,$0 ,$0 ,$0 ,$0 
2020 Jun 26 12:00:00 AM,"$2,297,520 ",$0 ,$0 ,$0 ,$0 ,$0 ,$0 ,$0 ,$0 ,"$1,500,000 ",$0 ,$0 ,$0 ,$367 ,$0 ,$0 ,$0 ,$0 ,$0 ,$0 ,"$3,923 ",$0 ,$0 ,$0 ,$0 ,$0 ,$0 ,$0 ,"$2,580 ",$0 ,$0 ,$0 ,$0 ,"$790,650 ",$0 ,$0 ,$0 ,$0 ,$0 ,$0 ,$0 ,$0 ,$0 ,$0 ,$0 ,$0 ,$0 
2020 Jun 29 12:00:00 AM,"$11,312 ",$0 ,$0 ,$0 ,$0 ,$0 ,$0 ,$0 ,$0 ,$0 ,$0 ,$0 ,$0 ,$293 ,$0 ,$0 ,$0 ,"$6,051 ",$0 ,$0 ,$0 ,$0 ,$0 ,$0 ,$0 ,$0 ,$0 ,"$4,968 ",$0 ,$0 ,$0 ,$0 ,$0 ,$0 ,$0 ,$0 ,$0 ,$0 ,$0 ,$0 ,$0 ,$0 ,$0 ,$0 ,$0 ,$0 ,$0 
2020 Jun 30 12:00:00 AM,"$41,452 ",$0 ,$0 ,$0 ,$0 ,$0 ,$0 ,$0 ,$0 ,$0 ,$0 ,$0 ,$0 ,$0 ,$0 ,$0 ,$0 ,$0 ,$0 ,$0 ,$0 ,$0 ,$0 ,"$20,000 ",$0 ,$0 ,"$1,720 ",$0 ,$0 ,$0 ,$0 ,$0 ,$0 ,"$12,932 ",$0 ,$0 ,$0 ,$0 ,$0 ,$0 ,"$6,800 ",$0 ,$0 ,$0 ,$0 ,$0 ,$0 
2020 Jul 02 12:00:00 AM,"$79,730 ",$0 ,$0 ,$0 ,$0 ,$0 ,$0 ,$0 ,$0 ,$0 ,$0 ,$0 ,$0 ,"$79,245 ",$0 ,$0 ,$0 ,$0 ,$0 ,$0 ,$0 ,$0 ,$0 ,$0 ,$0 ,$0 ,$0 ,$0 ,$0 ,$0 ,$0 ,$0 ,$0 ,$0 ,$0 ,$0 ,$0 ,$0 ,$0 ,$0 ,$0 ,$0 ,$0 ,$485 ,$0 ,$0 ,$0 
2020 Jul 06 12:00:00 AM,"$221,938 ",$0 ,$0 ,$0 ,$0 ,$0 ,$0 ,$0 ,$0 ,$0 ,$0 ,$0 ,$0 ,$59 ,$0 ,$0 ,$0 ,"$203,480 ",$0 ,$0 ,$0 ,"$10,000 ",$0 ,$0 ,$0 ,$0 ,$0 ,$0 ,$0 ,$0 ,$0 ,$0 ,$0 ,$0 ,$0 ,$0 ,$0 ,$0 ,$0 ,$0 ,$0 ,$0 ,$0 ,"$8,399 ",$0 ,$0 ,$0 
2020 Jul 07 12:00:00 AM,"$5,494,155 ",$0 ,$0 ,$0 ,$0 ,$0 ,$0 ,$0 ,$0 ,$0 ,$0 ,$0 ,$0 ,"$15,007 ",$11 ,$0 ,$0 ,"$254,990 ",$0 ,$0 ,$0 ,"$15,000 ",$0 ,$496 ,"$5,205,155 ",$0 ,"$3,496 ",$0 ,$0 ,$0 ,$0 ,$0 ,$0 ,$0 ,$0 ,$0 ,$0 ,$0 ,$0 ,$0 ,$0 ,$0 ,$0 ,$0 ,$0 ,$0 ,$0 
2020 Jul 08 12:00:00 AM,"$139,735 ",$0 ,$0 ,$0 ,$0 ,$0 ,$0 ,$0 ,$0 ,"$30,000 ",$0 ,$0 ,$0 ,"$6,410 ","$6,768 ",$0 ,$0 ,"$96,557 ",$0 ,$0 ,$0 ,$0 ,$0 ,$0 ,$0 ,$0 ,$0 ,$0 ,$0 ,$0 ,$0 ,$0 ,$0 ,$0 ,$0 ,$0 ,$0 ,$0 ,$0 ,$0 ,$0 ,$0 ,$0 ,$0 ,$0 ,$0 ,$0 
2020 Jul 09 12:00:00 AM,"$23,620 ",$0 ,$0 ,$0 ,$0 ,$0 ,$0 ,$0 ,$0 ,$0 ,$0 ,$0 ,$0 ,$0 ,$0 ,$0 ,$0 ,$0 ,$0 ,$0 ,$0 ,$0 ,$0 ,$0 ,$0 ,$0 ,$0 ,"$23,620 ",$0 ,$0 ,$0 ,$0 ,$0 ,$0 ,$0 ,$0 ,$0 ,$0 ,$0 ,$0 ,$0 ,$0 ,$0 ,$0 ,$0 ,$0 ,$0 
2020 Jul 10 12:00:00 AM,"$6,967 ",$0 ,$0 ,$0 ,$0 ,$0 ,$0 ,$0 ,$0 ,$0 ,$0 ,$0 ,$0 ,$0 ,$0 ,"$6,179 ",$0 ,$0 ,$0 ,$0 ,$0 ,$0 ,$0 ,$0 ,$0 ,$0 ,$0 ,$0 ,$0 ,$0 ,$0 ,$0 ,$0 ,$0 ,$0 ,$788 ,$0 ,$0 ,$0 ,$0 ,$0 ,$0 ,$0 ,$0 ,$0 ,$0 ,$0 
2020 Jul 13 12:00:00 AM,"$8,494,357 ",$0 ,$0 ,$0 ,$0 ,$0 ,$0 ,$0 ,$0 ,$0 ,$391 ,$0 ,$0 ,"$8,442,733 ",$558 ,"$25,795 ",$0 ,$0 ,$0 ,$0 ,$0 ,$0 ,$0 ,$0 ,$0 ,$0 ,$0 ,$0 ,$0 ,$0 ,$380 ,$0 ,$0 ,$0 ,$0 ,$0 ,$0 ,$0 ,$0 ,$0 ,$0 ,$0 ,$0 ,"$24,500 ",$0 ,$0 ,$0 
2020 Jul 14 12:00:00 AM,"$25,221,435 ",$0 ,$0 ,$0 ,$0 ,$0 ,$0 ,$0 ,$0 ,"$30,503 ",$0 ,$0 ,$0 ,"$25,185,431 ","$5,501 ",$0 ,$0 ,$0 ,$0 ,$0 ,$0 ,$0 ,$0 ,$0 ,$0 ,$0 ,$0 ,$0 ,$0 ,$0 ,$0 ,$0 ,$0 ,$0 ,$0 ,$0 ,$0 ,$0 ,$0 ,$0 ,$0 ,$0 ,$0 ,$0 ,$0 ,$0 ,$0 
2020 Jul 15 12:00:00 AM,"$26,216,451 ",$0 ,$0 ,$0 ,"$830,760 ",$0 ,$0 ,"$8,126,509 ",$0 ,$0 ,$0 ,$0 ,$0 ,"$17,148,200 ","$1,300 ","$2,889 ",$0 ,$0 ,$0 ,$0 ,$0 ,$0 ,$0 ,$0 ,$0 ,$0 ,$0 ,$0 ,$0 ,$0 ,$0 ,$0 ,$0 ,$0 ,$0 ,"$92,732 ",$0 ,$0 ,"$14,061 ",$0 ,$0 ,$0 ,$0 ,$0 ,$0 ,$0 ,$0 
2020 Jul 16 12:00:00 AM,"$894,651 ",$0 ,$0 ,$0 ,$0 ,$0 ,$0 ,$0 ,$0 ,$0 ,$0 ,$0 ,$0 ,$524 ,$558 ,$0 ,$0 ,"$22,688 ",$0 ,$0 ,$0 ,$0 ,"$99,000 ",$0 ,$0 ,$0 ,$0 ,$0 ,"$2,976 ",$0 ,$0 ,$0 ,$0 ,$0 ,$0 ,$0 ,"$768,905 ",$0 ,$0 ,$0 ,$0 ,$0 ,$0 ,$0 ,$0 ,$0 ,$0 
2020 Jul 17 12:00:00 AM,"$11,199,643 ",$0 ,$0 ,$0 ,"$26,400 ",$0 ,$0 ,$0 ,$0 ,$0 ,$0 ,$0 ,$0 ,"$96,309 ",$0 ,$0 ,$0 ,"$42,802 ",$0 ,$0 ,"$9,485 ",$0 ,"$11,024,647 ",$0 ,$0 ,$0 ,$0 ,$0 ,$0 ,$0 ,$0 ,$0 ,$0 ,$0 ,$0 ,$0 ,$0 ,$0 ,$0 ,$0 ,$0 ,$0 ,$0 ,$0 ,$0 ,$0 ,$0 
2020 Jul 18 12:00:00 AM,"$627,056 ",$0 ,"$134,035 ",$0 ,$0 ,$0 ,$0 ,$0 ,$0 ,$0 ,"$36,277 ",$0 ,$0 ,"$71,000 ",$0 ,$0 ,$0 ,$0 ,$0 ,$0 ,$0 ,$0 ,"$260,015 ",$0 ,"$112,717 ",$0 ,$0 ,$0 ,$0 ,$0 ,$0 ,$0 ,$0 ,$0 ,$0 ,$0 ,$0 ,"$13,012 ",$0 ,$0 ,$0 ,$0 ,$0 ,$0 ,$0 ,$0 ,$0 
2020 Jul 20 12:00:00 AM,"$124,816 ",$0 ,$0 ,$0 ,$0 ,$0 ,$0 ,$0 ,$0 ,$0 ,$0 ,$0 ,$0 ,$64 ,$733 ,$73 ,$0 ,$0 ,$0 ,$0 ,$0 ,$0 ,$0 ,$0 ,$0 ,$0 ,$0 ,$0 ,$0 ,$0 ,"$3,410 ",$0 ,$0 ,$0 ,$0 ,$0 ,"$120,536 ",$0 ,$0 ,$0 ,$0 ,$0 ,$0 ,$0 ,$0 ,$0 ,$0 
2020 Jul 21 12:00:00 AM,"$5,683,523 ",$0 ,$0 ,$0 ,$0 ,$0 ,$0 ,$2 ,$0 ,$0 ,$0 ,$0 ,$0 ,$0 ,$0 ,$0 ,$0 ,"$21,267 ","$3,660,108 ",$0 ,$0 ,$0 ,$0 ,$0 ,$0 ,$0 ,$0 ,$0 ,$0 ,$0 ,"$2,146 ",$0 ,$0 ,$0 ,$0 ,$0 ,"$2,000,000 ",$0 ,$0 ,$0 ,$0 ,$0 ,$0 ,$0 ,$0 ,$0 ,$0 
2020 Jul 22 12:00:00 AM,"$368,167 ",$0 ,$0 ,$0 ,$0 ,$0 ,$0 ,$0 ,$0 ,$0 ,$0 ,$0 ,$0 ,$0 ,$0 ,$0 ,$0 ,"$368,140 ",$0 ,$0 ,$0 ,$0 ,$0 ,$0 ,$0 ,$0 ,$27 ,$0 ,$0 ,$0 ,$0 ,$0 ,$0 ,$0 ,$0 ,$0 ,$0 ,$0 ,$0 ,$0 ,$0 ,$0 ,$0 ,$0 ,$0 ,$0 ,$0 
2020 Jul 23 12:00:00 AM,"$674,273 ",$0 ,$0 ,$0 ,$0 ,$0 ,$0 ,$0 ,$0 ,$0 ,$0 ,$0 ,$0 ,$0 ,"$663,400 ",$0 ,"$10,873 ",$0 ,$0 ,$0 ,$0 ,$0 ,$0 ,$0 ,$0 ,$0 ,$0 ,$0 ,$0 ,$0 ,$0 ,$0 ,$0 ,$0 ,$0 ,$0 ,$0 ,$0 ,$0 ,$0 ,$0 ,$0 ,$0 ,$0 ,$0 ,$0 ,$0 
2020 Jul 24 12:00:00 AM,"$1,528 ",$0 ,$0 ,$0 ,$0 ,$0 ,$0 ,$0 ,$0 ,$0 ,$0 ,$0 ,$0 ,$0 ,"$1,528 ",$0 ,$0 ,$0 ,$0 ,$0 ,$0 ,$0 ,$0 ,$0 ,$0 ,$0 ,$0 ,$0 ,$0 ,$0 ,$0 ,$0 ,$0 ,$0 ,$0 ,$0 ,$0 ,$0 ,$0 ,$0 ,$0 ,$0 ,$0 ,$0 ,$0 ,$0 ,$0 
2020 Jul 27 12:00:00 AM,"$500,879 ",$0 ,$0 ,$0 ,$0 ,$0 ,$0 ,$0 ,$0 ,$0 ,$0 ,$0 ,$0 ,$0 ,"$481,856 ",$0 ,$0 ,"$19,023 ",$0 ,$0 ,$0 ,$0 ,$0 ,$0 ,$0 ,$0 ,$0 ,$0 ,$0 ,$0 ,$0 ,$0 ,$0 ,$0 ,$0 ,$0 ,$0 ,$0 ,$0 ,$0 ,$0 ,$0 ,$0 ,$0 ,$0 ,$0 ,$0 
2020 Jul 28 12:00:00 AM,"$1,481 ",$0 ,$0 ,$0 ,$0 ,$0 ,$0 ,$0 ,$0 ,$0 ,$0 ,$0 ,$0 ,"$1,010 ",$0 ,$0 ,$0 ,$471 ,$0 ,$0 ,$0 ,$0 ,$0 ,$0 ,$0 ,$0 ,$0 ,$0 ,$0 ,$0 ,$0 ,$0 ,$0 ,$0 ,$0 ,$0 ,$0 ,$0 ,$0 ,$0 ,$0 ,$0 ,$0 ,$0 ,$0 ,$0 ,$0 
2020 Jul 29 12:00:00 AM,"$6,591 ",$0 ,$0 ,$0 ,$0 ,$0 ,$0 ,$0 ,$0 ,$0 ,$0 ,$0 ,$0 ,$0 ,$0 ,$0 ,$0 ,$0 ,$0 ,$0 ,"$6,591 ",$0 ,$0 ,$0 ,$0 ,$0 ,$0 ,$0 ,$0 ,$0 ,$0 ,$0 ,$0 ,$0 ,$0 ,$0 ,$0 ,$0 ,$0 ,$0 ,$0 ,$0 ,$0 ,$0 ,$0 ,$0 ,$0 
2020 Jul 30 12:00:00 AM,"$168,579 ",$0 ,$0 ,$0 ,$0 ,$0 ,"$1,192 ",$0 ,$0 ,$0 ,"$77,954 ",$0 ,$0 ,$0 ,$0 ,$0 ,$0 ,$0 ,$0 ,$0 ,"$1,105 ",$0 ,$0 ,$0 ,$0 ,$0 ,$0 ,$0 ,$0 ,$0 ,$0 ,$0 ,$0 ,$0 ,$0 ,"$57,994 ",$0 ,$0 ,$0 ,$0 ,$0 ,$0 ,$0 ,"$30,334 ",$0 ,$0 ,$0 
2020 Jul 31 12:00:00 AM,"$93,527 ",$0 ,$0 ,$0 ,$0 ,$0 ,$0 ,$0 ,$0 ,$0 ,$0 ,$0 ,$0 ,$0 ,$0 ,"$6,087 ",$0 ,"$26,909 ",$0 ,$0 ,"$9,720 ",$0 ,$0 ,$0 ,$0 ,$0 ,"$50,811 ",$0 ,$0 ,$0 ,$0 ,$0 ,$0 ,$0 ,$0 ,$0 ,$0 ,$0 ,$0 ,$0 ,$0 ,$0 ,$0 ,$0 ,$0 ,$0 ,$0 
2020 Aug 03 12:00:00 AM,"$552,359 ",$0 ,$0 ,$0 ,$0 ,$0 ,$0 ,$0 ,$0 ,"$506,990 ",$0 ,$0 ,$0 ,$64 ,"$2,826 ",$0 ,$0 ,"$40,520 ",$0 ,$0 ,"$1,959 ",$0 ,$0 ,$0 ,$0 ,$0 ,$0 ,$0 ,$0 ,$0 ,$0 ,$0 ,$0 ,$0 ,$0 ,$0 ,$0 ,$0 ,$0 ,$0 ,$0 ,$0 ,$0 ,$0 ,$0 ,$0 ,$0 
2020 Aug 04 12:00:00 AM,"$1,438,858 ",$0 ,$0 ,$0 ,$0 ,$0 ,$0 ,$0 ,$0 ,$0 ,$0 ,$0 ,$0 ,"$707,752 ",$0 ,"$14,275 ",$0 ,"$706,900 ",$0 ,$0 ,$0 ,$0 ,$0 ,$0 ,$0 ,$0 ,$0 ,$0 ,$0 ,$0 ,$0 ,$0 ,$0 ,$0 ,$0 ,$0 ,$0 ,$0 ,$0 ,$0 ,$0 ,$0 ,$0 ,"$9,931 ",$0 ,$0 ,$0 
2020 Aug 05 12:00:00 AM,"$24,031 ",$0 ,$0 ,$0 ,$0 ,$0 ,$0 ,$0 ,$0 ,$0 ,$0 ,$0 ,$0 ,$0 ,$188 ,"$19,848 ",$0 ,"$3,995 ",$0 ,$0 ,$0 ,$0 ,$0 ,$0 ,$0 ,$0 ,$0 ,$0 ,$0 ,$0 ,$0 ,$0 ,$0 ,$0 ,$0 ,$0 ,$0 ,$0 ,$0 ,$0 ,$0 ,$0 ,$0 ,$0 ,$0 ,$0 ,$0 
2020 Aug 06 12:00:00 AM,"$3,623,186 ",$0 ,"$1,780 ",$0 ,$0 ,$0 ,$0 ,$0 ,$0 ,"$3,479,538 ",$0 ,$0 ,$0 ,"$22,221 ",$0 ,$0 ,$0 ,"$111,821 ",$0 ,$0 ,$0 ,$0 ,$0 ,$0 ,$0 ,$0 ,$0 ,$0 ,$0 ,"$7,826 ",$0 ,$0 ,$0 ,$0 ,$0 ,$0 ,$0 ,$0 ,$0 ,$0 ,$0 ,$0 ,$0 ,$0 ,$0 ,$0 ,$0 
2020 Aug 07 12:00:00 AM,"$166,435 ",$0 ,$0 ,$0 ,"$151,566 ",$0 ,$0 ,$0 ,$0 ,"$3,492 ","$5,643 ",$0 ,$0 ,$400 ,"$4,306 ",$0 ,$0 ,"$1,028 ",$0 ,$0 ,$0 ,$0 ,$0 ,$0 ,$0 ,$0 ,$0 ,$0 ,$0 ,$0 ,$0 ,$0 ,$0 ,$0 ,$0 ,$0 ,$0 ,$0 ,$0 ,$0 ,$0 ,$0 ,$0 ,$0 ,$0 ,$0 ,$0 
2020 Aug 08 12:00:00 AM,"$404,667,144 ","$610,000 ","$103,109 ",$0 ,"$361,756 ",$0 ,"$576,703 ","$15,025 ",$0 ,"$280,127,787 ",$0 ,"$1,746,017 ","$29,789,677 ","$5,697,566 ","$26,650,211 ","$2,081,648 ",$0 ,"$5,064,937 ","$1,135,480 ","$3,938,044 ","$357,464 ","$51,750 ",$0 ,"$36,809,940 ","$35,459 ",$0 ,$0 ,$0 ,"$3,720 ","$40,642 ","$43,169 ",$0 ,$0 ,"$8,787,273 ","$65,000 ","$78,709 ","$453,513 ","$27,288 ",$0 ,$0 ,$0 ,$0 ,"$14,425 ",$832 ,$0 ,$0 ,$0 
2020 Aug 10 12:00:00 AM,"$156,499 ",$0 ,$0 ,$0 ,$0 ,$0 ,$0 ,$0 ,$0 ,"$66,344 ",$0 ,$0 ,$0 ,$0 ,$558 ,$0 ,$0 ,"$89,597 ",$0 ,$0 ,$0 ,$0 ,$0 ,$0 ,$0 ,$0 ,$0 ,$0 ,$0 ,$0 ,$0 ,$0 ,$0 ,$0 ,$0 ,$0 ,$0 ,$0 ,$0 ,$0 ,$0 ,$0 ,$0 ,$0 ,$0 ,$0 ,$0 
2020 Aug 11 12:00:00 AM,"$162,850 ",$0 ,$0 ,$0 ,$0 ,$0 ,$0 ,$0 ,$0 ,"$42,339 ","$26,830 ",$0 ,$0 ,"$31,912 ",$0 ,"$6,429 ",$0 ,$0 ,$0 ,$0 ,$0 ,$0 ,"$34,313 ",$0 ,$0 ,$0 ,$0 ,$0 ,$0 ,$0 ,"$1,032 ",$0 ,$0 ,$0 ,$0 ,$0 ,$0 ,$0 ,$0 ,$0 ,$0 ,$0 ,$0 ,"$19,995 ",$0 ,$0 ,$0 
2020 Aug 12 12:00:00 AM,"$161,731 ",$0 ,$0 ,$0 ,$0 ,$0 ,$0 ,$0 ,$0 ,"$6,493 ",$0 ,$0 ,$0 ,"$34,596 ","$64,880 ","$17,959 ",$0 ,"$3,739 ",$0 ,"$34,064 ",$0 ,$0 ,$0 ,$0 ,$0 ,$0 ,$0 ,$0 ,$0 ,$0 ,$0 ,$0 ,$0 ,$0 ,$0 ,$0 ,$0 ,$0 ,$0 ,$0 ,$0 ,$0 ,$0 ,$0 ,$0 ,$0 ,$0 
2020 Aug 13 12:00:00 AM,"$791,330 ",$0 ,"$43,575 ",$0 ,$0 ,$0 ,$0 ,$0 ,$0 ,$0 ,$0 ,$0 ,$0 ,$0 ,$558 ,$0 ,$0 ,"$247,197 ",$0 ,$0 ,$0 ,$0 ,"$500,000 ",$0 ,$0 ,$0 ,$0 ,$0 ,$0 ,$0 ,$0 ,$0 ,$0 ,$0 ,$0 ,$0 ,$0 ,$0 ,$0 ,$0 ,$0 ,$0 ,$0 ,$0 ,$0 ,$0 ,$0 
2020 Aug 14 12:00:00 AM,"$4,717,487 ",$0 ,$0 ,$0 ,$0 ,$0 ,$0 ,$0 ,$0 ,$0 ,$0 ,$0 ,$0 ,"$21,072 ","$4,656,968 ",$0 ,$0 ,"$20,000 ",$0 ,$0 ,$0 ,$0 ,$0 ,$0 ,$0 ,$0 ,$0 ,$0 ,$0 ,$0 ,$0 ,$0 ,$0 ,$0 ,$0 ,$0 ,$0 ,$0 ,$0 ,$0 ,$0 ,$0 ,$0 ,"$19,447 ",$0 ,$0 ,$0 
2020 Aug 15 12:00:00 AM,"$743,208 ",$0 ,$0 ,$0 ,$0 ,$0 ,$0 ,$0 ,$0 ,$0 ,$0 ,$0 ,$0 ,$0 ,"$567,708 ",$0 ,$0 ,"$175,500 ",$0 ,$0 ,$0 ,$0 ,$0 ,$0 ,$0 ,$0 ,$0 ,$0 ,$0 ,$0 ,$0 ,$0 ,$0 ,$0 ,$0 ,$0 ,$0 ,$0 ,$0 ,$0 ,$0 ,$0 ,$0 ,$0 ,$0 ,$0 ,$0 
2020 Aug 17 12:00:00 AM,"$226,494 ",$0 ,$0 ,$0 ,$0 ,$0 ,$0 ,$0 ,$0 ,$0 ,"$36,231 ",$0 ,$0 ,$0 ,"$9,664 ","$34,691 ",$0 ,"$138,082 ",$0 ,$0 ,$0 ,$0 ,$0 ,$0 ,$0 ,$0 ,"$7,826 ",$0 ,$0 ,$0 ,$0 ,$0 ,$0 ,$0 ,$0 ,$0 ,$0 ,$0 ,$0 ,$0 ,$0 ,$0 ,$0 ,$0 ,$0 ,$0 ,$0 
2020 Aug 18 12:00:00 AM,"$245,664 ",$0 ,$0 ,$0 ,$0 ,$0 ,$0 ,$0 ,$0 ,$0 ,$0 ,$0 ,$0 ,"$43,433 ","$10,925 ","$13,448 ",$0 ,"$45,560 ",$0 ,$0 ,$0 ,$0 ,$0 ,$0 ,$0 ,$0 ,$0 ,$0 ,$0 ,$0 ,$0 ,$0 ,"$129,510 ",$0 ,$0 ,$0 ,$0 ,$0 ,$0 ,$0 ,$0 ,$0 ,$0 ,"$2,788 ",$0 ,$0 ,$0 
2020 Aug 19 12:00:00 AM,"$355,131 ",$0 ,$0 ,$0 ,$0 ,$0 ,$0 ,$0 ,$0 ,$0 ,$0 ,$0 ,$0 ,"$12,400 ","$1,908 ",$0 ,$0 ,"$340,823 ",$0 ,$0 ,$0 ,$0 ,$0 ,$0 ,$0 ,$0 ,$0 ,$0 ,$0 ,$0 ,$0 ,$0 ,$0 ,$0 ,$0 ,$0 ,$0 ,$0 ,$0 ,$0 ,$0 ,$0 ,$0 ,$0 ,$0 ,$0 ,$0 
2020 Aug 20 12:00:00 AM,"$51,469 ",$0 ,$0 ,$0 ,$0 ,$0 ,$0 ,$0 ,$0 ,$0 ,$0 ,$0 ,$0 ,$0 ,$541 ,$0 ,$0 ,$0 ,$0 ,$0 ,"$50,928 ",$0 ,$0 ,$0 ,$0 ,$0 ,$0 ,$0 ,$0 ,$0 ,$0 ,$0 ,$0 ,$0 ,$0 ,$0 ,$0 ,$0 ,$0 ,$0 ,$0 ,$0 ,$0 ,$0 ,$0 ,$0 ,$0 
2020 Aug 21 12:00:00 AM,"$562,002 ",$0 ,$0 ,$0 ,$0 ,"$1,300 ",$0 ,$0 ,$0 ,$0 ,$0 ,$0 ,$0 ,$0 ,$225 ,"$14,774 ",$0 ,"$44,713 ",$0 ,$0 ,$0 ,$0 ,"$500,000 ",$0 ,$0 ,$0 ,$0 ,$0 ,$0 ,$0 ,$0 ,$0 ,$0 ,$0 ,$0 ,$0 ,$0 ,$0 ,$0 ,$0 ,$0 ,$0 ,$0 ,$990 ,$0 ,$0 ,$0 
2020 Aug 24 12:00:00 AM,"$1,897,892 ",$0 ,$0 ,$0 ,$0 ,$0 ,$0 ,$0 ,$0 ,"$253,650 ",$0 ,$0 ,$0 ,$0 ,"$137,842 ","$33,878 ",$0 ,"$1,393,859 ",$0 ,$0 ,$0 ,$0 ,"$5,035 ",$0 ,$0 ,$0 ,$0 ,$0 ,$0 ,$0 ,$0 ,$0 ,$0 ,$0 ,$0 ,$0 ,$0 ,$0 ,$0 ,$0 ,$0 ,$0 ,$0 ,"$73,628 ",$0 ,$0 ,$0 
2020 Aug 25 12:00:00 AM,"$2,228,020 ",$0 ,$0 ,$0 ,$0 ,$0 ,$0 ,$0 ,$0 ,$0 ,$0 ,$0 ,"$6,732 ",$0 ,"$4,015 ",$0 ,$0 ,"$2,217,273 ",$0 ,$0 ,$0 ,$0 ,$0 ,$0 ,$0 ,$0 ,$0 ,$0 ,$0 ,$0 ,$0 ,$0 ,$0 ,$0 ,$0 ,$0 ,$0 ,$0 ,$0 ,$0 ,$0 ,$0 ,$0 ,$0 ,$0 ,$0 ,$0 
2020 Aug 26 12:00:00 AM,"$395,199 ",$0 ,$0 ,$0 ,$0 ,$0 ,$0 ,$0 ,$0 ,$0 ,$0 ,$0 ,$0 ,$0 ,$0 ,$0 ,$0 ,"$386,400 ",$0 ,$0 ,$0 ,$0 ,$0 ,$0 ,$0 ,$0 ,$0 ,$0 ,"$8,799 ",$0 ,$0 ,$0 ,$0 ,$0 ,$0 ,$0 ,$0 ,$0 ,$0 ,$0 ,$0 ,$0 ,$0 ,$0 ,$0 ,$0 ,$0 
2020 Aug 27 12:00:00 AM,"$145,720 ",$0 ,$0 ,$0 ,$0 ,$0 ,$0 ,$0 ,$0 ,$0 ,$0 ,$0 ,$0 ,$0 ,$0 ,"$82,003 ",$0 ,"$60,899 ",$0 ,$0 ,$0 ,$0 ,"$2,818 ",$0 ,$0 ,$0 ,$0 ,$0 ,$0 ,$0 ,$0 ,$0 ,$0 ,$0 ,$0 ,$0 ,$0 ,$0 ,$0 ,$0 ,$0 ,$0 ,$0 ,$0 ,$0 ,$0 ,$0 
2020 Aug 28 12:00:00 AM,"$150,000 ",$0 ,$0 ,$0 ,$0 ,$0 ,$0 ,$0 ,$0 ,$0 ,$0 ,$0 ,$0 ,$0 ,$0 ,$0 ,$0 ,"$150,000 ",$0 ,$0 ,$0 ,$0 ,$0 ,$0 ,$0 ,$0 ,$0 ,$0 ,$0 ,$0 ,$0 ,$0 ,$0 ,$0 ,$0 ,$0 ,$0 ,$0 ,$0 ,$0 ,$0 ,$0 ,$0 ,$0 ,$0 ,$0 ,$0 
2020 Aug 31 12:00:00 AM,"$7,946,321 ",$0 ,$0 ,$0 ,$0 ,$0 ,$0 ,$0 ,$0 ,"$7,555,600 ",$0 ,$0 ,"$328,689 ","$24,024 ",$0 ,"$17,500 ",$0 ,$0 ,$0 ,$0 ,$0 ,$0 ,$0 ,$0 ,$0 ,$0 ,$0 ,$0 ,$0 ,$0 ,$646 ,$0 ,$0 ,"$19,862 ",$0 ,$0 ,$0 ,$0 ,$0 ,$0 ,$0 ,$0 ,$0 ,$0 ,$0 ,$0 ,$0 
2020 Sep 01 12:00:00 AM,"$2,169,752 ",$0 ,$0 ,$0 ,$0 ,$0 ,$0 ,$0 ,$0 ,"$1,777,353 ",$0 ,$0 ,$0 ,$0 ,$837 ,$397 ,$0 ,"$82,815 ",$0 ,$0 ,$0 ,"$100,748 ",$0 ,$0 ,$0 ,$0 ,$0 ,$0 ,$0 ,"$191,431 ",$0 ,$0 ,$0 ,"$16,171 ",$0 ,$0 ,$0 ,$0 ,$0 ,$0 ,$0 ,$0 ,$0 ,$0 ,$0 ,$0 ,$0 
2020 Sep 02 12:00:00 AM,"$61,229 ",$0 ,$0 ,$0 ,$0 ,$0 ,$0 ,$0 ,$0 ,"$6,822 ",$0 ,$0 ,$0 ,$950 ,"$1,665 ","$12,100 ",$0 ,"$36,354 ",$0 ,$0 ,$0 ,$0 ,$0 ,$0 ,$0 ,$0 ,$0 ,$0 ,$0 ,$0 ,$0 ,$0 ,$0 ,$0 ,$0 ,$0 ,$0 ,$0 ,$0 ,"$3,338 ",$0 ,$0 ,$0 ,$0 ,$0 ,$0 ,$0 
2020 Sep 03 12:00:00 AM,"$511,182 ","$404,446 ",$0 ,$0 ,$0 ,$0 ,$0 ,$0 ,$0 ,$0 ,$0 ,$0 ,$0 ,"$24,686 ",$0 ,"$20,218 ",$0 ,"$60,232 ",$0 ,$0 ,$0 ,$0 ,$0 ,$0 ,$0 ,$0 ,$0 ,$0 ,$0 ,"$1,600 ",$0 ,$0 ,$0 ,$0 ,$0 ,$0 ,$0 ,$0 ,$0 ,$0 ,$0 ,$0 ,$0 ,$0 ,$0 ,$0 ,$0 
2020 Sep 04 12:00:00 AM,"$232,641 ",$0 ,$0 ,$0 ,$0 ,$0 ,$0 ,$0 ,$0 ,"$226,379 ",$0 ,$0 ,$0 ,$0 ,$0 ,"$2,985 ",$0 ,"$3,277 ",$0 ,$0 ,$0 ,$0 ,$0 ,$0 ,$0 ,$0 ,$0 ,$0 ,$0 ,$0 ,$0 ,$0 ,$0 ,$0 ,$0 ,$0 ,$0 ,$0 ,$0 ,$0 ,$0 ,$0 ,$0 ,$0 ,$0 ,$0 ,$0 
2020 Sep 08 12:00:00 AM,"$93,288,372 ",$0 ,$0 ,$0 ,$0 ,$0 ,$0 ,$0 ,$0 ,"$17,008 ",$0 ,$0 ,$0 ,"$1,005,500 ","$92,199,407 ",$0 ,$0 ,"$26,457 ",$0 ,$0 ,$0 ,$0 ,$0 ,$0 ,$0 ,$0 ,$0 ,$0 ,$0 ,$0 ,$0 ,$0 ,$0 ,$0 ,$0 ,$0 ,$0 ,"$40,000 ",$0 ,$0 ,$0 ,$0 ,$0 ,$0 ,$0 ,$0 ,$0 
2020 Sep 09 12:00:00 AM,"$2,532,920 ",$0 ,$0 ,$0 ,$0 ,$0 ,$0 ,$0 ,$0 ,"$39,949 ",$0 ,$0 ,$0 ,$0 ,$0 ,$0 ,$0 ,"$2,492,971 ",$0 ,$0 ,$0 ,$0 ,$0 ,$0 ,$0 ,$0 ,$0 ,$0 ,$0 ,$0 ,$0 ,$0 ,$0 ,$0 ,$0 ,$0 ,$0 ,$0 ,$0 ,$0 ,$0 ,$0 ,$0 ,$0 ,$0 ,$0 ,$0 
2020 Sep 10 12:00:00 AM,"$1,452,239 ",$0 ,$0 ,$0 ,$0 ,$0 ,$0 ,$0 ,$0 ,$0 ,$0 ,$0 ,$0 ,$0 ,"$1,394,646 ","$5,847 ","$2,362 ","$29,790 ",$0 ,$0 ,$0 ,$0 ,$0 ,"$19,594 ",$0 ,$0 ,$0 ,$0 ,$0 ,$0 ,$0 ,$0 ,$0 ,$0 ,$0 ,$0 ,$0 ,$0 ,$0 ,$0 ,$0 ,$0 ,$0 ,$0 ,$0 ,$0 ,$0 
2020 Sep 11 12:00:00 AM,"$2,312,289 ",$0 ,$0 ,$0 ,$0 ,$0 ,$0 ,$0 ,$0 ,$0 ,$0 ,$0 ,$0 ,$0 ,"$2,443 ",$0 ,$0 ,"$6,155 ",$0 ,$0 ,$0 ,$0 ,$0 ,"$2,303,691 ",$0 ,$0 ,$0 ,$0 ,$0 ,$0 ,$0 ,$0 ,$0 ,$0 ,$0 ,$0 ,$0 ,$0 ,$0 ,$0 ,$0 ,$0 ,$0 ,$0 ,$0 ,$0 ,$0 
2020 Sep 14 12:00:00 AM,"$69,889 ",$0 ,$0 ,$0 ,$0 ,$0 ,$0 ,$0 ,$0 ,$550 ,$0 ,$0 ,$0 ,"$6,743 ","$8,012 ",$0 ,$0 ,"$54,584 ",$0 ,$0 ,$0 ,$0 ,$0 ,$0 ,$0 ,$0 ,$0 ,$0 ,$0 ,$0 ,$0 ,$0 ,$0 ,$0 ,$0 ,$0 ,$0 ,$0 ,$0 ,$0 ,$0 ,$0 ,$0 ,$0 ,$0 ,$0 ,$0 
2020 Sep 15 12:00:00 AM,"$1,895,176 ",$0 ,$0 ,$0 ,$0 ,$0 ,$0 ,$0 ,$0 ,$0 ,$0 ,$0 ,$0 ,$0 ,"$4,999 ","$2,850 ",$0 ,"$334,600 ",$0 ,$0 ,$0 ,$0 ,$0 ,$0 ,$0 ,$0 ,$0 ,$0 ,$0 ,$0 ,$0 ,$0 ,$0 ,"$1,552,727 ",$0 ,$0 ,$0 ,$0 ,$0 ,$0 ,$0 ,$0 ,$0 ,$0 ,$0 ,$0 ,$0 
2020 Sep 16 12:00:00 AM,"$580,489 ",$0 ,$0 ,$0 ,$0 ,$0 ,$0 ,$0 ,$0 ,"$436,800 ",$0 ,$0 ,$0 ,"$128,232 ",$0 ,$0 ,$0 ,"$14,558 ",$0 ,$0 ,$0 ,$0 ,$0 ,$0 ,$0 ,$0 ,$899 ,$0 ,$0 ,$0 ,$0 ,$0 ,$0 ,$0 ,$0 ,$0 ,$0 ,$0 ,$0 ,$0 ,$0 ,$0 ,$0 ,$0 ,$0 ,$0 ,$0 
2020 Sep 17 12:00:00 AM,"$2,204,273 ",$0 ,$0 ,$0 ,$0 ,$0 ,$0 ,$0 ,$0 ,$0 ,$0 ,$0 ,"$1,609,546 ","$555,838 ",$0 ,$0 ,$0 ,"$38,889 ",$0 ,$0 ,$0 ,$0 ,$0 ,$0 ,$0 ,$0 ,$0 ,$0 ,$0 ,$0 ,$0 ,$0 ,$0 ,$0 ,$0 ,$0 ,$0 ,$0 ,$0 ,$0 ,$0 ,$0 ,$0 ,$0 ,$0 ,$0 ,$0 
2020 Sep 18 12:00:00 AM,"$6,685,095 ",$0 ,$0 ,$0 ,$0 ,$0 ,$0 ,$0 ,$0 ,$0 ,$0 ,$0 ,$0 ,$0 ,$0 ,$0 ,$0 ,"$159,911 ",$0 ,$0 ,$0 ,$0 ,"$5,157,684 ","$1,367,500 ",$0 ,$0 ,$0 ,$0 ,$0 ,$0 ,$0 ,$0 ,$0 ,$0 ,$0 ,$0 ,$0 ,$0 ,$0 ,$0 ,$0 ,$0 ,$0 ,$0 ,$0 ,$0 ,$0 
2020 Sep 21 12:00:00 AM,"$67,910 ",$0 ,$0 ,$0 ,$0 ,$0 ,$0 ,$0 ,$0 ,$0 ,$0 ,$0 ,$0 ,"$4,902 ","$55,565 ",$0 ,$0 ,"$7,443 ",$0 ,$0 ,$0 ,$0 ,$0 ,$0 ,$0 ,$0 ,$0 ,$0 ,$0 ,$0 ,$0 ,$0 ,$0 ,$0 ,$0 ,$0 ,$0 ,$0 ,$0 ,$0 ,$0 ,$0 ,$0 ,$0 ,$0 ,$0 ,$0 
2020 Sep 22 12:00:00 AM,"$17,500 ",$0 ,$0 ,$0 ,$0 ,$0 ,$0 ,$0 ,$0 ,$0 ,$0 ,$0 ,$0 ,$0 ,$0 ,$0 ,$0 ,"$13,500 ",$0 ,$0 ,$0 ,$0 ,$0 ,$0 ,$0 ,$0 ,$0 ,$0 ,$0 ,$0 ,$0 ,$0 ,$0 ,"$4,000 ",$0 ,$0 ,$0 ,$0 ,$0 ,$0 ,$0 ,$0 ,$0 ,$0 ,$0 ,$0 ,$0 
2020 Sep 23 12:00:00 AM,"$3,337,554 ",$0 ,$0 ,$0 ,$0 ,$0 ,$0 ,$0 ,$0 ,$0 ,$0 ,$0 ,$0 ,$0 ,"$3,196,436 ",$0 ,$0 ,"$141,118 ",$0 ,$0 ,$0 ,$0 ,$0 ,$0 ,$0 ,$0 ,$0 ,$0 ,$0 ,$0 ,$0 ,$0 ,$0 ,$0 ,$0 ,$0 ,$0 ,$0 ,$0 ,$0 ,$0 ,$0 ,$0 ,$0 ,$0 ,$0 ,$0 
2020 Sep 24 12:00:00 AM,"$7,781,742 ",$0 ,$0 ,$0 ,$0 ,$0 ,$0 ,$0 ,$0 ,"$7,750,000 ",$0 ,$0 ,$0 ,"$12,092 ",$0 ,$0 ,$0 ,"$19,650 ",$0 ,$0 ,$0 ,$0 ,$0 ,$0 ,$0 ,$0 ,$0 ,$0 ,$0 ,$0 ,$0 ,$0 ,$0 ,$0 ,$0 ,$0 ,$0 ,$0 ,$0 ,$0 ,$0 ,$0 ,$0 ,$0 ,$0 ,$0 ,$0 
2020 Sep 25 12:00:00 AM,"$21,244 ",$0 ,$0 ,$0 ,$0 ,$0 ,$0 ,$0 ,$0 ,$0 ,"$1,223 ",$0 ,$0 ,$0 ,$0 ,$0 ,$0 ,"$20,021 ",$0 ,$0 ,$0 ,$0 ,$0 ,$0 ,$0 ,$0 ,$0 ,$0 ,$0 ,$0 ,$0 ,$0 ,$0 ,$0 ,$0 ,$0 ,$0 ,$0 ,$0 ,$0 ,$0 ,$0 ,$0 ,$0 ,$0 ,$0 ,$0 
2020 Sep 28 12:00:00 AM,"$11,710,764 ",$0 ,$0 ,$0 ,$0 ,$0 ,$0 ,$0 ,$0 ,$0 ,$0 ,$0 ,$0 ,"$4,086 ",$0 ,"$117,982 ",$0 ,"$1,200 ",$0 ,$0 ,$0 ,$0 ,$0 ,"$11,587,496 ",$0 ,$0 ,$0 ,$0 ,$0 ,$0 ,$0 ,$0 ,$0 ,$0 ,$0 ,$0 ,$0 ,$0 ,$0 ,$0 ,$0 ,$0 ,$0 ,$0 ,$0 ,$0 ,$0 
2020 Sep 29 12:00:00 AM,"$745,376 ",$0 ,$0 ,$0 ,$0 ,$0 ,$0 ,$0 ,$0 ,$0 ,$0 ,$0 ,$0 ,$0 ,"$316,104 ",$0 ,$0 ,"$24,452 ",$0 ,"$404,820 ",$0 ,$0 ,$0 ,$0 ,$0 ,$0 ,$0 ,$0 ,$0 ,$0 ,$0 ,$0 ,$0 ,$0 ,$0 ,$0 ,$0 ,$0 ,$0 ,$0 ,$0 ,$0 ,$0 ,$0 ,$0 ,$0 ,$0 
2020 Sep 30 12:00:00 AM,"$6,796,189 ",$0 ,$0 ,$0 ,$0 ,$0 ,$0 ,$484 ,$0 ,"$44,544 ",$0 ,$0 ,$0 ,"$9,101 ","$42,900 ",$0 ,$0 ,$0 ,$0 ,$0 ,"$50,928 ",$0 ,$0 ,"$6,647,142 ",$0 ,$0 ,$0 ,$0 ,$0 ,$0 ,$0 ,$0 ,$0 ,$0 ,$0 ,$0 ,$0 ,"$1,090 ",$0 ,$0 ,$0 ,$0 ,$0 ,$0 ,$0 ,$0 ,$0 
2020 Oct 01 12:00:00 AM,"$108,096 ",$0 ,$0 ,$0 ,$0 ,$0 ,$0 ,$0 ,$0 ,$0 ,$0 ,$0 ,$0 ,$0 ,$0 ,$0 ,$0 ,"$108,096 ",$0 ,$0 ,$0 ,$0 ,$0 ,$0 ,$0 ,$0 ,$0 ,$0 ,$0 ,$0 ,$0 ,$0 ,$0 ,$0 ,$0 ,$0 ,$0 ,$0 ,$0 ,$0 ,$0 ,$0 ,$0 ,$0 ,$0 ,$0 ,$0 
2020 Oct 02 12:00:00 AM,"$1,642,590 ",$0 ,$0 ,$0 ,$0 ,$0 ,$0 ,$0 ,$0 ,$0 ,$0 ,$0 ,$0 ,$0 ,$0 ,$0 ,$0 ,$0 ,$0 ,$0 ,"$1,636,000 ",$0 ,$0 ,$0 ,$0 ,$0 ,$0 ,$0 ,$0 ,$0 ,$0 ,$0 ,$0 ,$0 ,$0 ,$0 ,$0 ,$0 ,$0 ,$0 ,"$5,600 ",$0 ,$0 ,$990 ,$0 ,$0 ,$0 
2020 Oct 05 12:00:00 AM,"$24,053,575 ",$0 ,"$133,163 ",$0 ,$0 ,$0 ,$0 ,$0 ,$0 ,$0 ,$0 ,$0 ,$0 ,$0 ,$0 ,$0 ,$0 ,"$6,617 ",$0 ,$0 ,$0 ,$0 ,$0 ,"$23,913,795 ",$0 ,$0 ,$0 ,$0 ,$0 ,$0 ,$0 ,$0 ,$0 ,$0 ,$0 ,$0 ,$0 ,$0 ,$0 ,$0 ,$0 ,$0 ,$0 ,$0 ,$0 ,$0 ,$0 
2020 Oct 06 12:00:00 AM,"$20,436,162 ",$0 ,$0 ,$0 ,$0 ,$0 ,$0 ,$0 ,$0 ,"$20,318,000 ",$0 ,$0 ,$0 ,$0 ,"$30,662 ",$0 ,$0 ,$0 ,$0 ,$0 ,$0 ,$0 ,$0 ,"$87,500 ",$0 ,$0 ,$0 ,$0 ,$0 ,$0 ,$0 ,$0 ,$0 ,$0 ,$0 ,$0 ,$0 ,$0 ,$0 ,$0 ,$0 ,$0 ,$0 ,$0 ,$0 ,$0 ,$0 
2020 Oct 07 12:00:00 AM,"$517,273 ",$0 ,$0 ,$0 ,$0 ,$0 ,$0 ,$0 ,$0 ,"$8,908 ",$0 ,$0 ,"$437,545 ","$11,691 ",$0 ,$0 ,$0 ,"$59,129 ",$0 ,$0 ,$0 ,$0 ,$0 ,$0 ,$0 ,$0 ,$0 ,$0 ,$0 ,$0 ,$0 ,$0 ,$0 ,$0 ,$0 ,$0 ,$0 ,$0 ,$0 ,$0 ,$0 ,$0 ,$0 ,$0 ,$0 ,$0 ,$0 
2020 Oct 08 12:00:00 AM,"$3,677,295 ",$0 ,$0 ,$0 ,$0 ,$0 ,$0 ,$0 ,$0 ,$0 ,$0 ,"$23,625 ",$0 ,"$3,651,447 ","$1,996 ",$0 ,$0 ,$227 ,$0 ,$0 ,$0 ,$0 ,$0 ,$0 ,$0 ,$0 ,$0 ,$0 ,$0 ,$0 ,$0 ,$0 ,$0 ,$0 ,$0 ,$0 ,$0 ,$0 ,$0 ,$0 ,$0 ,$0 ,$0 ,$0 ,$0 ,$0 ,$0 
2020 Oct 09 12:00:00 AM,"$2,979,490 ",$0 ,$0 ,$0 ,$0 ,$0 ,$0 ,"$2,212,115 ",$0 ,$0 ,$0 ,$0 ,"$622,983 ",$0 ,"$1,570 ","$142,822 ",$0 ,$0 ,$0 ,$0 ,$0 ,$0 ,$0 ,$0 ,$0 ,$0 ,$0 ,$0 ,$0 ,$0 ,$0 ,$0 ,$0 ,$0 ,$0 ,$0 ,$0 ,$0 ,$0 ,$0 ,$0 ,$0 ,$0 ,$0 ,$0 ,$0 ,$0 
2020 Oct 13 12:00:00 AM,"$6,015,262 ",$0 ,$0 ,$0 ,$0 ,$0 ,$0 ,$0 ,$0 ,$0 ,$0 ,$0 ,"$2,856,736 ","$148,339 ",$0 ,"$14,424 ",$0 ,"$2,995,763 ",$0 ,$0 ,$0 ,$0 ,$0 ,$0 ,$0 ,$0 ,$0 ,$0 ,$0 ,$0 ,$0 ,$0 ,$0 ,$0 ,$0 ,$0 ,$0 ,$0 ,$0 ,$0 ,$0 ,$0 ,$0 ,$0 ,$0 ,$0 ,$0 
2020 Oct 14 12:00:00 AM,"$191,458 ",$0 ,$0 ,$0 ,$0 ,$0 ,$0 ,$0 ,$0 ,$0 ,$0 ,$0 ,$0 ,"$102,107 ",$0 ,$0 ,$0 ,"$89,351 ",$0 ,$0 ,$0 ,$0 ,$0 ,$0 ,$0 ,$0 ,$0 ,$0 ,$0 ,$0 ,$0 ,$0 ,$0 ,$0 ,$0 ,$0 ,$0 ,$0 ,$0 ,$0 ,$0 ,$0 ,$0 ,$0 ,$0 ,$0 ,$0 
2020 Oct 15 12:00:00 AM,"$4,611,517 ",$0 ,$0 ,$0 ,$0 ,$0 ,$0 ,$0 ,$0 ,$0 ,$0 ,$0 ,$0 ,"$330,817 ",$0 ,$0 ,$0 ,"$4,280,700 ",$0 ,$0 ,$0 ,$0 ,$0 ,$0 ,$0 ,$0 ,$0 ,$0 ,$0 ,$0 ,$0 ,$0 ,$0 ,$0 ,$0 ,$0 ,$0 ,$0 ,$0 ,$0 ,$0 ,$0 ,$0 ,$0 ,$0 ,$0 ,$0 
2020 Oct 16 12:00:00 AM,"$8,086,495 ",$0 ,$0 ,$0 ,$0 ,$0 ,$0 ,$0 ,$0 ,"$7,634,340 ",$0 ,$0 ,$0 ,"$137,655 ",$0 ,$0 ,$0 ,"$300,000 ",$0 ,$0 ,$0 ,$0 ,$0 ,$0 ,$0 ,$0 ,$0 ,$0 ,$0 ,$0 ,$0 ,$0 ,$0 ,$0 ,$0 ,$0 ,$0 ,"$14,500 ",$0 ,$0 ,$0 ,$0 ,$0 ,$0 ,$0 ,$0 ,$0 
2020 Oct 17 12:00:00 AM,"$7,135 ",$0 ,$0 ,$0 ,$0 ,$0 ,$0 ,$0 ,$0 ,$0 ,$0 ,$0 ,$0 ,"$7,135 ",$0 ,$0 ,$0 ,$0 ,$0 ,$0 ,$0 ,$0 ,$0 ,$0 ,$0 ,$0 ,$0 ,$0 ,$0 ,$0 ,$0 ,$0 ,$0 ,$0 ,$0 ,$0 ,$0 ,$0 ,$0 ,$0 ,$0 ,$0 ,$0 ,$0 ,$0 ,$0 ,$0 
2020 Oct 19 12:00:00 AM,"$7,526,248 ",$0 ,$0 ,$0 ,$0 ,$0 ,$0 ,$0 ,$0 ,$0 ,$0 ,$0 ,$0 ,"$7,513,746 ",$298 ,$0 ,$0 ,"$10,714 ",$0 ,$0 ,$0 ,$0 ,$0 ,$0 ,$0 ,$0 ,$0 ,"$1,490 ",$0 ,$0 ,$0 ,$0 ,$0 ,$0 ,$0 ,$0 ,$0 ,$0 ,$0 ,$0 ,$0 ,$0 ,$0 ,$0 ,$0 ,$0 ,$0 
2020 Oct 20 12:00:00 AM,"$2,114,463 ",$0 ,$0 ,$0 ,$0 ,$0 ,$0 ,$0 ,$0 ,"$277,830 ",$0 ,$0 ,$0 ,"$1,022,902 ",$0 ,$0 ,$0 ,"$813,731 ",$0 ,$0 ,$0 ,$0 ,$0 ,$0 ,$0 ,$0 ,$0 ,$0 ,$0 ,$0 ,$0 ,$0 ,$0 ,$0 ,$0 ,$0 ,$0 ,$0 ,$0 ,$0 ,$0 ,$0 ,$0 ,$0 ,$0 ,$0 ,$0 
2020 Oct 21 12:00:00 AM,"$5,038,478 ",$0 ,$0 ,$0 ,$0 ,$0 ,$0 ,$0 ,$0 ,$0 ,$0 ,$0 ,"$476,064 ","$204,897 ",$0 ,$0 ,$0 ,"$2,153 ",$0 ,$0 ,$0 ,$0 ,"$2,000,000 ",$0 ,$0 ,$0 ,$0 ,$0 ,$0 ,$0 ,$0 ,$0 ,$0 ,"$2,274,331 ",$0 ,"$81,033 ",$0 ,$0 ,$0 ,$0 ,$0 ,$0 ,$0 ,$0 ,$0 ,$0 ,$0 
2020 Oct 22 12:00:00 AM,"$243,713 ",$0 ,$0 ,$0 ,$0 ,$0 ,$0 ,$0 ,$0 ,$0 ,$0 ,$0 ,$0 ,"$154,944 ",$0 ,"$15,956 ",$0 ,"$41,157 ",$0 ,$0 ,$0 ,$0 ,$0 ,$0 ,$0 ,$0 ,$0 ,$0 ,$0 ,$0 ,$0 ,$0 ,$0 ,$0 ,$0 ,$0 ,$0 ,$0 ,$0 ,$0 ,$0 ,$0 ,$0 ,"$31,656 ",$0 ,$0 ,$0 
2020 Oct 23 12:00:00 AM,"$6,497,730 ",$0 ,$0 ,$0 ,$0 ,$0 ,$0 ,$0 ,$0 ,$0 ,$0 ,$0 ,$0 ,"$6,459,382 ",$0 ,$0 ,$0 ,"$36,718 ",$0 ,$0 ,$0 ,"$1,630 ",$0 ,$0 ,$0 ,$0 ,$0 ,$0 ,$0 ,$0 ,$0 ,$0 ,$0 ,$0 ,$0 ,$0 ,$0 ,$0 ,$0 ,$0 ,$0 ,$0 ,$0 ,$0 ,$0 ,$0 ,$0 
2020 Oct 26 12:00:00 AM,"$111,093 ",$0 ,$0 ,$0 ,$0 ,$0 ,$0 ,$0 ,$0 ,$0 ,$0 ,$0 ,$0 ,"$111,093 ",$0 ,$0 ,$0 ,$0 ,$0 ,$0 ,$0 ,$0 ,$0 ,$0 ,$0 ,$0 ,$0 ,$0 ,$0 ,$0 ,$0 ,$0 ,$0 ,$0 ,$0 ,$0 ,$0 ,$0 ,$0 ,$0 ,$0 ,$0 ,$0 ,$0 ,$0 ,$0 ,$0 
2020 Oct 27 12:00:00 AM,"$515,434 ",$0 ,$0 ,$0 ,$0 ,$0 ,$0 ,$0 ,$0 ,$0 ,$0 ,$0 ,$0 ,"$194,509 ",$0 ,"$3,800 ",$0 ,"$317,125 ",$0 ,$0 ,$0 ,$0 ,$0 ,$0 ,$0 ,$0 ,$0 ,$0 ,$0 ,$0 ,$0 ,$0 ,$0 ,$0 ,$0 ,$0 ,$0 ,$0 ,$0 ,$0 ,$0 ,$0 ,$0 ,$0 ,$0 ,$0 ,$0 
2020 Oct 28 12:00:00 AM,"$1,682,814 ",$0 ,$0 ,$0 ,$0 ,$0 ,$0 ,$0 ,$0 ,$0 ,$0 ,$0 ,"$2,592 ","$127,259 ","$1,352,749 ",$0 ,$0 ,$0 ,$0 ,$0 ,$0 ,$0 ,$0 ,$0 ,$0 ,$0 ,"$4,979 ",$0 ,$0 ,$0 ,$0 ,$0 ,$0 ,"$195,235 ",$0 ,$0 ,$0 ,$0 ,$0 ,$0 ,$0 ,$0 ,$0 ,$0 ,$0 ,$0 ,$0 
2020 Oct 29 12:00:00 AM,"$1,964,733 ","$436,882 ",$0 ,$0 ,"$980,000 ",$0 ,$0 ,$0 ,$0 ,$0 ,$0 ,$0 ,$0 ,"$97,007 ","$391,018 ",$0 ,$0 ,"$16,000 ",$0 ,$0 ,$0 ,$0 ,$0 ,$0 ,$0 ,$0 ,$0 ,$0 ,$0 ,$0 ,$0 ,$0 ,$0 ,$0 ,$0 ,$0 ,$0 ,$0 ,$0 ,$0 ,$0 ,$0 ,$0 ,"$43,826 ",$0 ,$0 ,$0 
2020 Oct 30 12:00:00 AM,"$1,237,927 ",$0 ,$0 ,$0 ,"$954,539 ",$0 ,$0 ,$0 ,$0 ,$0 ,$0 ,$0 ,$0 ,"$100,772 ",$0 ,$0 ,$0 ,"$162,752 ",$0 ,$0 ,$0 ,$0 ,"$19,864 ",$0 ,$0 ,$0 ,$0 ,$0 ,$0 ,$0 ,$0 ,$0 ,$0 ,$0 ,$0 ,$0 ,$0 ,$0 ,$0 ,$0 ,$0 ,$0 ,$0 ,$0 ,$0 ,$0 ,$0 
2020 Nov 02 12:00:00 AM,"$160,249 ",$0 ,$0 ,$0 ,$0 ,$0 ,$0 ,$0 ,$0 ,$0 ,$0 ,$0 ,$0 ,"$118,236 ",$0 ,"$21,663 ",$0 ,"$20,350 ",$0 ,$0 ,$0 ,$0 ,$0 ,$0 ,$0 ,$0 ,$0 ,$0 ,$0 ,$0 ,$0 ,$0 ,$0 ,$0 ,$0 ,$0 ,$0 ,$0 ,$0 ,$0 ,$0 ,$0 ,$0 ,$0 ,$0 ,$0 ,$0 
2020 Nov 03 12:00:00 AM,"$156,828 ",$0 ,$0 ,$0 ,$0 ,$0 ,$0 ,$0 ,$0 ,$0 ,$0 ,$0 ,$0 ,"$156,828 ",$0 ,$0 ,$0 ,$0 ,$0 ,$0 ,$0 ,$0 ,$0 ,$0 ,$0 ,$0 ,$0 ,$0 ,$0 ,$0 ,$0 ,$0 ,$0 ,$0 ,$0 ,$0 ,$0 ,$0 ,$0 ,$0 ,$0 ,$0 ,$0 ,$0 ,$0 ,$0 ,$0 
2020 Nov 04 12:00:00 AM,"$3,101,848 ",$0 ,$0 ,$0 ,$0 ,$0 ,$0 ,$0 ,$0 ,$0 ,$0 ,$0 ,"$589,160 ","$335,400 ","$1,661,355 ",$0 ,$0 ,"$515,933 ",$0 ,$0 ,$0 ,$0 ,$0 ,$0 ,$0 ,$0 ,$0 ,$0 ,$0 ,$0 ,$0 ,$0 ,$0 ,$0 ,$0 ,$0 ,$0 ,$0 ,$0 ,$0 ,$0 ,$0 ,$0 ,$0 ,$0 ,$0 ,$0 
2020 Nov 05 12:00:00 AM,"$319,740 ",$0 ,$0 ,$0 ,$0 ,$0 ,$0 ,$0 ,$0 ,$0 ,$0 ,$0 ,$0 ,"$280,685 ",$0 ,"$19,690 ",$0 ,$0 ,$0 ,$0 ,$0 ,$0 ,$0 ,$0 ,$0 ,$0 ,$0 ,$0 ,$0 ,$0 ,$0 ,$0 ,$0 ,$0 ,$0 ,$0 ,$0 ,$0 ,$0 ,$0 ,$0 ,$0 ,$0 ,"$19,365 ",$0 ,$0 ,$0 
2020 Nov 06 12:00:00 AM,"$3,722,008 ",$0 ,$0 ,$0 ,$0 ,$0 ,$0 ,$0 ,$0 ,$0 ,$0 ,$0 ,$0 ,"$219,708 ","$2,300 ",$0 ,$0 ,$0 ,$0 ,$0 ,$0 ,$0 ,"$3,500,000 ",$0 ,$0 ,$0 ,$0 ,$0 ,$0 ,$0 ,$0 ,$0 ,$0 ,$0 ,$0 ,$0 ,$0 ,$0 ,$0 ,$0 ,$0 ,$0 ,$0 ,$0 ,$0 ,$0 ,$0 
2020 Nov 09 12:00:00 AM,"$574,669 ",$0 ,$0 ,$0 ,$0 ,$0 ,$0 ,$0 ,"$131,855 ",$0 ,$0 ,$0 ,$0 ,"$442,814 ",$0 ,$0 ,$0 ,$0 ,$0 ,$0 ,$0 ,$0 ,$0 ,$0 ,$0 ,$0 ,$0 ,$0 ,$0 ,$0 ,$0 ,$0 ,$0 ,$0 ,$0 ,$0 ,$0 ,$0 ,$0 ,$0 ,$0 ,$0 ,$0 ,$0 ,$0 ,$0 ,$0 
2020 Nov 10 12:00:00 AM,"$7,918,453 ",$0 ,$0 ,$0 ,$0 ,$0 ,$0 ,$0 ,$0 ,"$828,000 ",$0 ,$0 ,$0 ,"$215,615 ","$2,427,332 ",$0 ,$0 ,"$28,823 ",$0 ,$0 ,$0 ,$0 ,"$4,418,683 ",$0 ,$0 ,$0 ,$0 ,$0 ,$0 ,$0 ,$0 ,$0 ,$0 ,$0 ,$0 ,$0 ,$0 ,$0 ,$0 ,$0 ,$0 ,$0 ,$0 ,$0 ,$0 ,$0 ,$0 
2020 Nov 11 12:00:00 AM,"$7,418 ",$0 ,$0 ,$0 ,$0 ,$0 ,$0 ,$0 ,$0 ,$0 ,$0 ,$0 ,$0 ,"$7,418 ",$0 ,$0 ,$0 ,$0 ,$0 ,$0 ,$0 ,$0 ,$0 ,$0 ,$0 ,$0 ,$0 ,$0 ,$0 ,$0 ,$0 ,$0 ,$0 ,$0 ,$0 ,$0 ,$0 ,$0 ,$0 ,$0 ,$0 ,$0 ,$0 ,$0 ,$0 ,$0 ,$0 
2020 Nov 12 12:00:00 AM,"$452,620 ",$0 ,$0 ,$0 ,$0 ,$0 ,$0 ,$0 ,$0 ,$0 ,$0 ,$0 ,"$2,592 ","$259,393 ",$0 ,"$179,850 ",$0 ,"$10,785 ",$0 ,$0 ,$0 ,$0 ,$0 ,$0 ,$0 ,$0 ,$0 ,$0 ,$0 ,$0 ,$0 ,$0 ,$0 ,$0 ,$0 ,$0 ,$0 ,$0 ,$0 ,$0 ,$0 ,$0 ,$0 ,$0 ,$0 ,$0 ,$0 
2020 Nov 13 12:00:00 AM,"$294,372 ",$0 ,$0 ,$0 ,$0 ,$0 ,$0 ,$0 ,$0 ,$0 ,$0 ,$0 ,$0 ,"$223,213 ",$0 ,"$38,516 ",$0 ,"$7,225 ",$0 ,$0 ,$0 ,$0 ,$0 ,$0 ,$0 ,$0 ,$0 ,$0 ,$0 ,$736 ,$0 ,$0 ,$0 ,$0 ,$0 ,$0 ,$0 ,$0 ,$0 ,$0 ,$0 ,$0 ,$0 ,$0 ,"$24,682 ",$0 ,$0 
2020 Nov 14 12:00:00 AM,"$10,515 ",$0 ,$0 ,$0 ,$0 ,$0 ,$0 ,$0 ,$0 ,$0 ,$0 ,$0 ,$0 ,"$10,515 ",$0 ,$0 ,$0 ,$0 ,$0 ,$0 ,$0 ,$0 ,$0 ,$0 ,$0 ,$0 ,$0 ,$0 ,$0 ,$0 ,$0 ,$0 ,$0 ,$0 ,$0 ,$0 ,$0 ,$0 ,$0 ,$0 ,$0 ,$0 ,$0 ,$0 ,$0 ,$0 ,$0 
2020 Nov 16 12:00:00 AM,"$40,586,038 ",$0 ,$0 ,$0 ,$0 ,$0 ,$0 ,$0 ,$0 ,$0 ,$0 ,$0 ,$0 ,"$213,409 ",$0 ,"$537,961 ",$0 ,$0 ,$0 ,$0 ,$0 ,$0 ,"$39,834,668 ",$0 ,$0 ,$0 ,$0 ,$0 ,$0 ,$0 ,$0 ,$0 ,$0 ,$0 ,$0 ,$0 ,$0 ,$0 ,$0 ,$0 ,$0 ,$0 ,$0 ,$0 ,$0 ,$0 ,$0 
2020 Nov 17 12:00:00 AM,"$42,670,313 ","$125,000 ",$0 ,$0 ,$0 ,$0 ,$0 ,$0 ,$0 ,"$7,200,851 ",$0 ,$0 ,$0 ,"$32,986,879 ","$100,351 ",$0 ,$0 ,"$197,815 ",$0 ,$0 ,$0 ,$0 ,$0 ,"$2,044,277 ",$0 ,$0 ,$0 ,$0 ,$0 ,"$1,145 ",$0 ,$0 ,$0 ,$0 ,$0 ,$0 ,$0 ,$0 ,$0 ,$0 ,$0 ,$0 ,$0 ,"$13,995 ",$0 ,$0 ,$0 
2020 Nov 18 12:00:00 AM,"$1,020,388 ",$0 ,$0 ,$0 ,$0 ,$0 ,$0 ,$0 ,$0 ,$0 ,$0 ,$0 ,$0 ,"$148,295 ","$855,026 ","$1,791 ",$0 ,$0 ,$0 ,"$2,985 ",$0 ,$0 ,$0 ,$0 ,$0 ,$0 ,$0 ,$0 ,$0 ,$0 ,$0 ,$0 ,$0 ,$0 ,$0 ,$0 ,$0 ,$0 ,$0 ,$0 ,$0 ,$0 ,$0 ,"$12,291 ",$0 ,$0 ,$0 
2020 Nov 19 12:00:00 AM,"$149,625 ",$0 ,$0 ,$0 ,$0 ,$0 ,$0 ,$0 ,$0 ,$0 ,$0 ,$0 ,$0 ,"$132,892 ",$0 ,$0 ,$0 ,$0 ,$0 ,$0 ,$0 ,$0 ,"$16,733 ",$0 ,$0 ,$0 ,$0 ,$0 ,$0 ,$0 ,$0 ,$0 ,$0 ,$0 ,$0 ,$0 ,$0 ,$0 ,$0 ,$0 ,$0 ,$0 ,$0 ,$0 ,$0 ,$0 ,$0 
2020 Nov 20 12:00:00 AM,"$962,293 ",$0 ,$0 ,$0 ,$0 ,$0 ,$0 ,$0 ,$0 ,$0 ,$0 ,$0 ,"$880,797 ","$80,396 ",$0 ,"$1,100 ",$0 ,$0 ,$0 ,$0 ,$0 ,$0 ,$0 ,$0 ,$0 ,$0 ,$0 ,$0 ,$0 ,$0 ,$0 ,$0 ,$0 ,$0 ,$0 ,$0 ,$0 ,$0 ,$0 ,$0 ,$0 ,$0 ,$0 ,$0 ,$0 ,$0 ,$0 
2020 Nov 23 12:00:00 AM,"$728,512 ",$0 ,$0 ,$0 ,$0 ,$0 ,$0 ,$0 ,$0 ,$0 ,$0 ,$0 ,$0 ,"$631,497 ","$25,173 ","$8,297 ",$0 ,"$53,429 ",$0 ,$0 ,$0 ,$0 ,$0 ,$0 ,$0 ,$0 ,$0 ,$0 ,$0 ,$0 ,$0 ,$0 ,$0 ,$0 ,$0 ,$0 ,$0 ,$0 ,$0 ,$0 ,$0 ,$0 ,$0 ,$0 ,"$10,116 ",$0 ,$0 
2020 Nov 24 12:00:00 AM,"$1,025,883 ",$0 ,$0 ,$0 ,$0 ,$0 ,$0 ,$0 ,$0 ,$0 ,$0 ,$0 ,$0 ,"$144,185 ",$0 ,$0 ,$0 ,"$516,306 ",$0 ,$0 ,$0 ,$0 ,"$365,392 ",$0 ,$0 ,$0 ,$0 ,$0 ,$0 ,$0 ,$0 ,$0 ,$0 ,$0 ,$0 ,$0 ,$0 ,$0 ,$0 ,$0 ,$0 ,$0 ,$0 ,$0 ,$0 ,$0 ,$0 
2020 Nov 25 12:00:00 AM,"$19,324,802 ",$0 ,$0 ,$0 ,$0 ,$0 ,$0 ,$0 ,$0 ,"$18,552,099 ",$0 ,$0 ,"$382,634 ","$101,282 ",$0 ,"$1,186 ",$0 ,"$287,601 ",$0 ,$0 ,$0 ,$0 ,$0 ,$0 ,$0 ,$0 ,$0 ,$0 ,$0 ,$0 ,$0 ,$0 ,$0 ,$0 ,$0 ,$0 ,$0 ,$0 ,$0 ,$0 ,$0 ,$0 ,$0 ,$0 ,$0 ,$0 ,$0 
2020 Nov 27 12:00:00 AM,"$5,692,021 ",$0 ,$0 ,$0 ,$0 ,$0 ,$0 ,$0 ,$0 ,$0 ,$0 ,$0 ,$0 ,$0 ,$0 ,$0 ,$0 ,"$5,692,021 ",$0 ,$0 ,$0 ,$0 ,$0 ,$0 ,$0 ,$0 ,$0 ,$0 ,$0 ,$0 ,$0 ,$0 ,$0 ,$0 ,$0 ,$0 ,$0 ,$0 ,$0 ,$0 ,$0 ,$0 ,$0 ,$0 ,$0 ,$0 ,$0 
2020 Nov 30 12:00:00 AM,"$6,874,822 ",$0 ,$0 ,$0 ,$0 ,$0 ,$0 ,$0 ,$0 ,"$6,766,618 ",$0 ,$0 ,$0 ,"$91,654 ",$0 ,"$16,550 ",$0 ,$0 ,$0 ,$0 ,$0 ,$0 ,$0 ,$0 ,$0 ,$0 ,$0 ,$0 ,$0 ,$0 ,$0 ,$0 ,$0 ,$0 ,$0 ,$0 ,$0 ,$0 ,$0 ,$0 ,$0 ,$0 ,$0 ,$0 ,$0 ,$0 ,$0 
2020 Dec 01 12:00:00 AM,"$2,420,264 ",$0 ,$0 ,$0 ,$0 ,$0 ,$0 ,$0 ,$0 ,"$132,570 ",$0 ,$0 ,$0 ,"$89,940 ",$0 ,"$37,754 ",$0 ,$0 ,$0 ,$0 ,$0 ,$0 ,$0 ,"$2,160,000 ",$0 ,$0 ,$0 ,$0 ,$0 ,$0 ,$0 ,$0 ,$0 ,$0 ,$0 ,$0 ,$0 ,$0 ,$0 ,$0 ,$0 ,$0 ,$0 ,$0 ,$0 ,$0 ,$0 
2020 Dec 02 12:00:00 AM,"$354,957 ",$0 ,$0 ,$0 ,$0 ,$0 ,$0 ,$0 ,$0 ,$0 ,$0 ,$0 ,$0 ,"$187,458 ",$0 ,"$43,934 ",$0 ,"$123,565 ",$0 ,$0 ,$0 ,$0 ,$0 ,$0 ,$0 ,$0 ,$0 ,$0 ,$0 ,$0 ,$0 ,$0 ,$0 ,$0 ,$0 ,$0 ,$0 ,$0 ,$0 ,$0 ,$0 ,$0 ,$0 ,$0 ,$0 ,$0 ,$0 
2020 Dec 03 12:00:00 AM,"$1,122,843 ","$14,200 ",$0 ,$0 ,$0 ,$0 ,$0 ,$0 ,$0 ,$0 ,$0 ,$0 ,"$499,494 ","$83,016 ",$0 ,"$19,162 ",$0 ,"$460,128 ",$0 ,$0 ,"$3,800 ",$0 ,$0 ,$0 ,$0 ,$0 ,$0 ,$0 ,$0 ,$0 ,$0 ,$0 ,$0 ,"$43,043 ",$0 ,$0 ,$0 ,$0 ,$0 ,$0 ,$0 ,$0 ,$0 ,$0 ,$0 ,$0 ,$0 
2020 Dec 04 12:00:00 AM,"$1,017,647 ",$0 ,$0 ,$0 ,$0 ,$0 ,$0 ,"$786,847 ",$0 ,$0 ,$0 ,$0 ,$0 ,"$129,011 ","$8,253 ",$0 ,$0 ,"$46,434 ",$0 ,$0 ,$0 ,$0 ,"$27,102 ",$0 ,$0 ,$0 ,$0 ,$0 ,$0 ,$0 ,$0 ,$0 ,$0 ,$0 ,$0 ,$0 ,$0 ,$0 ,$0 ,$0 ,$0 ,$0 ,$0 ,"$20,000 ",$0 ,$0 ,$0 
2020 Dec 07 12:00:00 AM,"$3,607,264 ",$0 ,$0 ,$0 ,$0 ,$0 ,$0 ,$0 ,$0 ,$0 ,$0 ,$0 ,$0 ,"$133,373 ",$0 ,$0 ,$0 ,"$3,073,891 ",$0 ,$0 ,$0 ,$0 ,"$400,000 ",$0 ,$0 ,$0 ,$0 ,$0 ,$0 ,$0 ,$0 ,$0 ,$0 ,$0 ,$0 ,$0 ,$0 ,$0 ,$0 ,$0 ,$0 ,$0 ,$0 ,$0 ,$0 ,$0 ,$0 
2020 Dec 08 12:00:00 AM,"$2,564,295 ",$0 ,$0 ,$0 ,$0 ,$0 ,$0 ,$0 ,$0 ,$0 ,$0 ,$0 ,$0 ,"$82,525 ",$0 ,$0 ,$0 ,"$19,898 ","$60,978 ",$0 ,$0 ,$0 ,$0 ,$0 ,$0 ,$0 ,$0 ,$0 ,$0 ,$0 ,$0 ,$0 ,$0 ,$0 ,$0 ,$0 ,"$2,391,342 ",$0 ,$0 ,$0 ,$0 ,$0 ,"$8,202 ","$1,350 ",$0 ,$0 ,$0 
2020 Dec 09 12:00:00 AM,"$1,261,624 ",$0 ,$0 ,$0 ,$0 ,$0 ,$0 ,$0 ,$0 ,$0 ,$0 ,$0 ,$0 ,"$425,794 ",$0 ,"$5,216 ",$0 ,"$830,614 ",$0 ,$0 ,$0 ,$0 ,$0 ,$0 ,$0 ,$0 ,$0 ,$0 ,$0 ,$0 ,$0 ,$0 ,$0 ,$0 ,$0 ,$0 ,$0 ,$0 ,$0 ,$0 ,$0 ,$0 ,$0 ,$0 ,$0 ,$0 ,$0 
2020 Dec 10 12:00:00 AM,"$6,037,831 ",$0 ,$0 ,$0 ,$0 ,$0 ,$0 ,$0 ,$0 ,$0 ,$0 ,"$251,625 ",$0 ,"$4,085,177 ","$1,674,938 ",$0 ,$0 ,"$26,091 ",$0 ,$0 ,$0 ,$0 ,$0 ,$0 ,$0 ,$0 ,$0 ,$0 ,$0 ,$0 ,$0 ,$0 ,$0 ,$0 ,$0 ,$0 ,$0 ,$0 ,$0 ,$0 ,$0 ,$0 ,$0 ,$0 ,$0 ,$0 ,$0 
2020 Dec 11 12:00:00 AM,"$193,664 ",$0 ,$0 ,$0 ,$0 ,$0 ,$0 ,$0 ,$0 ,$0 ,$0 ,$0 ,$0 ,"$158,352 ",$0 ,$0 ,$0 ,$670 ,$0 ,$0 ,$0 ,$0 ,$0 ,"$22,351 ",$0 ,$0 ,$0 ,$0 ,$0 ,$0 ,$0 ,$0 ,$0 ,$0 ,$0 ,$0 ,$0 ,$0 ,$0 ,$0 ,$0 ,$0 ,$0 ,"$12,291 ",$0 ,$0 ,$0 
2020 Dec 14 12:00:00 AM,"$1,142,826 ",$0 ,$0 ,$0 ,$0 ,$0 ,$0 ,$0 ,$0 ,$0 ,$0 ,$0 ,$0 ,"$230,333 ","$911,642 ",$0 ,$0 ,$0 ,$0 ,$0 ,$0 ,$0 ,$0 ,$0 ,$0 ,$0 ,$0 ,$0 ,$0 ,$0 ,$0 ,$0 ,$0 ,$0 ,$0 ,$0 ,$0 ,$0 ,$0 ,$0 ,$0 ,$0 ,$851 ,$0 ,$0 ,$0 ,$0 
2020 Dec 15 12:00:00 AM,"$1,692,883 ",$0 ,$0 ,$0 ,$0 ,$0 ,$0 ,$0 ,$0 ,$0 ,$0 ,$0 ,$0 ,"$1,667,643 ",$0 ,$0 ,$0 ,"$25,240 ",$0 ,$0 ,$0 ,$0 ,$0 ,$0 ,$0 ,$0 ,$0 ,$0 ,$0 ,$0 ,$0 ,$0 ,$0 ,$0 ,$0 ,$0 ,$0 ,$0 ,$0 ,$0 ,$0 ,$0 ,$0 ,$0 ,$0 ,$0 ,$0 
2020 Dec 16 12:00:00 AM,"$860,637 ",$0 ,$0 ,$0 ,"$371,294 ",$0 ,$0 ,$0 ,$0 ,$0 ,$0 ,$0 ,$0 ,"$103,365 ",$0 ,"$3,539 ",$0 ,"$13,837 ",$0 ,$0 ,$0 ,$0 ,"$325,793 ",$0 ,$0 ,$0 ,$0 ,$0 ,$0 ,$0 ,$0 ,$0 ,$0 ,$0 ,$0 ,$0 ,$0 ,"$40,000 ",$0 ,$0 ,$0 ,$0 ,$0 ,$0 ,$0 ,"$2,809 ",$0 
2020 Dec 17 12:00:00 AM,"$2,410,864 ",$0 ,$0 ,$0 ,"$158,125 ",$0 ,$0 ,$0 ,$0 ,$0 ,$0 ,$0 ,$0 ,"$59,365 ",$0 ,$0 ,$0 ,"$193,374 ",$0 ,$0 ,$0 ,$0 ,"$2,000,000 ",$0 ,$0 ,$0 ,$0 ,$0 ,$0 ,$0 ,$0 ,$0 ,$0 ,$0 ,$0 ,$0 ,$0 ,$0 ,$0 ,$0 ,$0 ,$0 ,$0 ,$0 ,$0 ,$0 ,$0 
2020 Dec 18 12:00:00 AM,"$276,250 ",$0 ,$0 ,$0 ,$0 ,$0 ,$0 ,$0 ,$0 ,$0 ,$0 ,$0 ,$0 ,"$79,629 ",$0 ,$0 ,$0 ,"$196,621 ",$0 ,$0 ,$0 ,$0 ,$0 ,$0 ,$0 ,$0 ,$0 ,$0 ,$0 ,$0 ,$0 ,$0 ,$0 ,$0 ,$0 ,$0 ,$0 ,$0 ,$0 ,$0 ,$0 ,$0 ,$0 ,$0 ,$0 ,$0 ,$0 
2020 Dec 19 12:00:00 AM,$523 ,$0 ,$0 ,$0 ,$0 ,$0 ,$0 ,$0 ,$0 ,$0 ,$0 ,$0 ,$0 ,$523 ,$0 ,$0 ,$0 ,$0 ,$0 ,$0 ,$0 ,$0 ,$0 ,$0 ,$0 ,$0 ,$0 ,$0 ,$0 ,$0 ,$0 ,$0 ,$0 ,$0 ,$0 ,$0 ,$0 ,$0 ,$0 ,$0 ,$0 ,$0 ,$0 ,$0 ,$0 ,$0 ,$0 
2020 Dec 21 12:00:00 AM,"$6,794,055 ",$0 ,$0 ,$0 ,$0 ,$0 ,$0 ,$0 ,$0 ,$0 ,$0 ,$0 ,$0 ,"$140,630 ","$6,600,000 ",$0 ,$0 ,"$52,487 ",$0 ,$938 ,$0 ,$0 ,$0 ,$0 ,$0 ,$0 ,$0 ,$0 ,$0 ,$0 ,$0 ,$0 ,$0 ,$0 ,$0 ,$0 ,$0 ,$0 ,$0 ,$0 ,$0 ,$0 ,$0 ,$0 ,$0 ,$0 ,$0 
2020 Dec 22 12:00:00 AM,"$5,619,815 ",$0 ,$0 ,$0 ,$0 ,$0 ,$0 ,$0 ,$0 ,"$5,352,422 ",$0 ,$0 ,$0 ,"$95,807 ",$0 ,$0 ,$0 ,"$165,286 ",$0 ,$0 ,$0 ,$0 ,$0 ,$0 ,$0 ,$0 ,$0 ,"$6,300 ",$0 ,$0 ,$0 ,$0 ,$0 ,$0 ,$0 ,$0 ,$0 ,$0 ,$0 ,$0 ,$0 ,$0 ,$0 ,$0 ,$0 ,$0 ,$0 
2020 Dec 23 12:00:00 AM,"$110,130 ",$0 ,$0 ,$0 ,$0 ,$0 ,$0 ,$0 ,$0 ,$0 ,$0 ,$0 ,$0 ,"$74,769 ",$0 ,$0 ,$0 ,"$35,361 ",$0 ,$0 ,$0 ,$0 ,$0 ,$0 ,$0 ,$0 ,$0 ,$0 ,$0 ,$0 ,$0 ,$0 ,$0 ,$0 ,$0 ,$0 ,$0 ,$0 ,$0 ,$0 ,$0 ,$0 ,$0 ,$0 ,$0 ,$0 ,$0 
2020 Dec 24 12:00:00 AM,"$34,854,535 ",$0 ,"$19,633 ",$0 ,$0 ,$0 ,$0 ,$0 ,$0 ,$0 ,$0 ,$0 ,$0 ,$0 ,$0 ,$0 ,$0 ,$0 ,$0 ,$0 ,$0 ,$0 ,"$34,814,902 ",$0 ,$0 ,$0 ,$0 ,$0 ,$0 ,$0 ,$0 ,$0 ,$0 ,$0 ,$0 ,$0 ,$0 ,$0 ,$0 ,$0 ,$0 ,$0 ,$0 ,"$20,000 ",$0 ,$0 ,$0 
2020 Dec 28 12:00:00 AM,"$12,769,109 ",$0 ,$0 ,$0 ,$0 ,$0 ,$0 ,$0 ,$0 ,$0 ,$0 ,$0 ,$0 ,"$94,631 ",$0 ,$0 ,$0 ,"$5,179 ",$0 ,$0 ,$0 ,$0 ,"$12,455,904 ",$0 ,$0 ,$0 ,$0 ,"$213,395 ",$0 ,$0 ,$0 ,$0 ,$0 ,$0 ,$0 ,$0 ,$0 ,$0 ,$0 ,$0 ,$0 ,$0 ,$0 ,$0 ,$0 ,$0 ,$0 
2020 Dec 29 12:00:00 AM,"$115,118 ",$0 ,$0 ,$0 ,$0 ,$0 ,$0 ,$0 ,$0 ,$0 ,$0 ,$0 ,$0 ,"$112,650 ",$0 ,$0 ,$0 ,"$2,468 ",$0 ,$0 ,$0 ,$0 ,$0 ,$0 ,$0 ,$0 ,$0 ,$0 ,$0 ,$0 ,$0 ,$0 ,$0 ,$0 ,$0 ,$0 ,$0 ,$0 ,$0 ,$0 ,$0 ,$0 ,$0 ,$0 ,$0 ,$0 ,$0 
2020 Dec 30 12:00:00 AM,"$2,144,512 ",$0 ,$0 ,$0 ,$0 ,$0 ,$0 ,$0 ,$0 ,$0 ,$0 ,$0 ,$0 ,"$80,387 ",$0 ,$0 ,$0 ,"$64,125 ",$0 ,$0 ,$0 ,$0 ,"$2,000,000 ",$0 ,$0 ,$0 ,$0 ,$0 ,$0 ,$0 ,$0 ,$0 ,$0 ,$0 ,$0 ,$0 ,$0 ,$0 ,$0 ,$0 ,$0 ,$0 ,$0 ,$0 ,$0 ,$0 ,$0 
2020 Dec 31 12:00:00 AM,"$48,242 ",$0 ,$0 ,$0 ,$0 ,$0 ,$0 ,$0 ,$0 ,$0 ,$0 ,$0 ,$0 ,$0 ,$0 ,"$3,328 ",$0 ,"$44,914 ",$0 ,$0 ,$0 ,$0 ,$0 ,$0 ,$0 ,$0 ,$0 ,$0 ,$0 ,$0 ,$0 ,$0 ,$0 ,$0 ,$0 ,$0 ,$0 ,$0 ,$0 ,$0 ,$0 ,$0 ,$0 ,$0 ,$0 ,$0 ,$0 
2021 Jan 02 12:00:00 AM,"$5,969 ",$0 ,$0 ,$0 ,$0 ,$0 ,$0 ,$0 ,$0 ,$0 ,$0 ,$0 ,$0 ,"$5,969 ",$0 ,$0 ,$0 ,$0 ,$0 ,$0 ,$0 ,$0 ,$0 ,$0 ,$0 ,$0 ,$0 ,$0 ,$0 ,$0 ,$0 ,$0 ,$0 ,$0 ,$0 ,$0 ,$0 ,$0 ,$0 ,$0 ,$0 ,$0 ,$0 ,$0 ,$0 ,$0 ,$0 
2021 Jan 04 12:00:00 AM,"$90,425 ",$0 ,$0 ,$0 ,$0 ,$0 ,$0 ,$0 ,$0 ,$0 ,$0 ,$0 ,$0 ,"$56,412 ",$0 ,"$25,167 ",$0 ,"$3,176 ",$0 ,$0 ,$0 ,$0 ,$0 ,$0 ,$0 ,$0 ,$0 ,"$5,670 ",$0 ,$0 ,$0 ,$0 ,$0 ,$0 ,$0 ,$0 ,$0 ,$0 ,$0 ,$0 ,$0 ,$0 ,$0 ,$0 ,$0 ,$0 ,$0 
2021 Jan 05 12:00:00 AM,"$11,214,071 ",$0 ,$0 ,$0 ,$0 ,$0 ,$0 ,$0 ,$0 ,$0 ,$0 ,$0 ,$0 ,"$94,245 ","$1,751,659 ",$0 ,$0 ,"$374,392 ","$8,973,775 ",$0 ,$0 ,$0 ,$0 ,$0 ,$0 ,$0 ,$0 ,$0 ,$0 ,$0 ,$0 ,$0 ,$0 ,"$20,000 ",$0 ,$0 ,$0 ,$0 ,$0 ,$0 ,$0 ,$0 ,$0 ,$0 ,$0 ,$0 ,$0 
2021 Jan 06 12:00:00 AM,"$526,645 ","$289,701 ",$0 ,$0 ,$0 ,$0 ,$0 ,$0 ,$0 ,$0 ,$0 ,$0 ,$0 ,"$159,794 ",$0 ,$0 ,$0 ,"$77,150 ",$0 ,$0 ,$0 ,$0 ,$0 ,$0 ,$0 ,$0 ,$0 ,$0 ,$0 ,$0 ,$0 ,$0 ,$0 ,$0 ,$0 ,$0 ,$0 ,$0 ,$0 ,$0 ,$0 ,$0 ,$0 ,$0 ,$0 ,$0 ,$0 
2021 Jan 07 12:00:00 AM,"$287,100 ",$0 ,$0 ,$0 ,$0 ,$0 ,$0 ,$0 ,$0 ,$0 ,$0 ,$0 ,$0 ,"$285,654 ",$0 ,$0 ,$0 ,$0 ,$0 ,$0 ,$0 ,$0 ,$0 ,$0 ,$0 ,$0 ,$0 ,$0 ,$0 ,$0 ,$0 ,$0 ,$0 ,$0 ,$0 ,$0 ,$0 ,$0 ,$0 ,$0 ,$0 ,$0 ,$0 ,"$1,446 ",$0 ,$0 ,$0 
2021 Jan 08 12:00:00 AM,"$433,970 ",$0 ,"$194,976 ",$0 ,$0 ,$0 ,$0 ,$0 ,$0 ,$0 ,$0 ,$0 ,$0 ,"$220,754 ",$0 ,$0 ,$0 ,"$18,240 ",$0 ,$0 ,$0 ,$0 ,$0 ,$0 ,$0 ,$0 ,$0 ,$0 ,$0 ,$0 ,$0 ,$0 ,$0 ,$0 ,$0 ,$0 ,$0 ,$0 ,$0 ,$0 ,$0 ,$0 ,$0 ,$0 ,$0 ,$0 ,$0 
2021 Jan 09 12:00:00 AM,"$1,170 ",$0 ,$0 ,$0 ,$0 ,$0 ,$0 ,$0 ,$0 ,$0 ,$0 ,$0 ,$0 ,"$1,170 ",$0 ,$0 ,$0 ,$0 ,$0 ,$0 ,$0 ,$0 ,$0 ,$0 ,$0 ,$0 ,$0 ,$0 ,$0 ,$0 ,$0 ,$0 ,$0 ,$0 ,$0 ,$0 ,$0 ,$0 ,$0 ,$0 ,$0 ,$0 ,$0 ,$0 ,$0 ,$0 ,$0 
2021 Jan 11 12:00:00 AM,"$9,261,691 ",$0 ,$0 ,$0 ,$0 ,$0 ,$0 ,$0 ,$0 ,$0 ,$0 ,$0 ,$0 ,"$1,280,138 ","$3,358 ",$0 ,$0 ,"$7,971,895 ",$0 ,$0 ,$0 ,$0 ,$0 ,$0 ,$0 ,$0 ,$0 ,"$6,300 ",$0 ,$0 ,$0 ,$0 ,$0 ,$0 ,$0 ,$0 ,$0 ,$0 ,$0 ,$0 ,$0 ,$0 ,$0 ,$0 ,$0 ,$0 ,$0 
2021 Jan 12 12:00:00 AM,"$2,234,956 ","$691,498 ",$0 ,$0 ,$0 ,$0 ,$0 ,$0 ,$0 ,$0 ,$0 ,$0 ,$0 ,"$794,647 ","$51,867 ","$150,000 ",$0 ,"$48,371 ",$0 ,"$491,373 ",$0 ,$0 ,$0 ,$0 ,$0 ,$0 ,$0 ,$0 ,$0 ,$0 ,$0 ,$0 ,$0 ,$0 ,"$7,200 ",$0 ,$0 ,$0 ,$0 ,$0 ,$0 ,$0 ,$0 ,$0 ,$0 ,$0 ,$0 
2021 Jan 13 12:00:00 AM,"$470,367 ",$0 ,$0 ,$0 ,$0 ,$0 ,$0 ,$0 ,$0 ,$0 ,$0 ,$0 ,$0 ,"$469,556 ",$0 ,$0 ,$0 ,$0 ,$0 ,$0 ,$0 ,$0 ,$0 ,$0 ,$0 ,$0 ,$0 ,$0 ,$0 ,$811 ,$0 ,$0 ,$0 ,$0 ,$0 ,$0 ,$0 ,$0 ,$0 ,$0 ,$0 ,$0 ,$0 ,$0 ,$0 ,$0 ,$0 
2021 Jan 14 12:00:00 AM,"$2,082,351 ",$0 ,$0 ,$0 ,$0 ,$0 ,$0 ,$0 ,$0 ,$0 ,$0 ,"$13,810 ",$0 ,"$818,601 ",$0 ,"$1,132,664 ",$0 ,"$106,970 ",$0 ,$0 ,$0 ,$0 ,$0 ,$0 ,$0 ,$0 ,$0 ,"$9,315 ",$0 ,$0 ,$0 ,$0 ,$0 ,$0 ,$0 ,$0 ,$0 ,$0 ,$0 ,$0 ,$0 ,$0 ,$0 ,$991 ,$0 ,$0 ,$0 
2021 Jan 15 12:00:00 AM,"$1,428,993 ",$0 ,$0 ,$0 ,$0 ,$0 ,$0 ,$0 ,$0 ,$0 ,$0 ,$0 ,$0 ,"$75,059 ",$0 ,$0 ,$0 ,"$52,800 ",$0 ,$0 ,$0 ,$0 ,"$981,134 ",$0 ,$0 ,$0 ,$0 ,$0 ,$0 ,$0 ,$0 ,$0 ,$0 ,$0 ,$0 ,$0 ,"$320,000 ",$0 ,$0 ,$0 ,$0 ,$0 ,$0 ,$0 ,$0 ,$0 ,$0 
2021 Jan 16 12:00:00 AM,"$2,807 ",$0 ,$0 ,$0 ,$0 ,$0 ,$0 ,$0 ,$0 ,$0 ,$0 ,$0 ,$0 ,"$2,807 ",$0 ,$0 ,$0 ,$0 ,$0 ,$0 ,$0 ,$0 ,$0 ,$0 ,$0 ,$0 ,$0 ,$0 ,$0 ,$0 ,$0 ,$0 ,$0 ,$0 ,$0 ,$0 ,$0 ,$0 ,$0 ,$0 ,$0 ,$0 ,$0 ,$0 ,$0 ,$0 ,$0 
2021 Jan 19 12:00:00 AM,"$322,019,246 ",$0 ,"$1,772,403 ",$0 ,$0 ,$0 ,$0 ,$0 ,$0 ,"$315,601,207 ",$0 ,$0 ,$0 ,"$4,265,768 ",$0 ,"$12,845 ",$0 ,"$77,149 ",$0 ,"$136,880 ",$0 ,$0 ,$0 ,$0 ,$0 ,$0 ,$0 ,$0 ,$0 ,$0 ,$0 ,$0 ,$0 ,$0 ,$0 ,$0 ,"$140,703 ",$0 ,$0 ,$0 ,$0 ,$0 ,$0 ,"$12,291 ",$0 ,$0 ,$0 
2021 Jan 20 12:00:00 AM,"$191,513 ",$0 ,$0 ,$0 ,$0 ,$0 ,$0 ,$0 ,$0 ,$0 ,$0 ,$0 ,$0 ,"$109,188 ",$0 ,$0 ,$0 ,"$82,325 ",$0 ,$0 ,$0 ,$0 ,$0 ,$0 ,$0 ,$0 ,$0 ,$0 ,$0 ,$0 ,$0 ,$0 ,$0 ,$0 ,$0 ,$0 ,$0 ,$0 ,$0 ,$0 ,$0 ,$0 ,$0 ,$0 ,$0 ,$0 ,$0 
2021 Jan 21 12:00:00 AM,"$213,913 ",$0 ,$0 ,$0 ,$0 ,$0 ,$0 ,$0 ,$0 ,$0 ,$0 ,$0 ,$0 ,"$102,875 ",$0 ,$0 ,$0 ,"$101,840 ",$0 ,$0 ,"$9,198 ",$0 ,$0 ,$0 ,$0 ,$0 ,$0 ,$0 ,$0 ,$0 ,$0 ,$0 ,$0 ,$0 ,$0 ,$0 ,$0 ,$0 ,$0 ,$0 ,$0 ,$0 ,$0 ,$0 ,$0 ,$0 ,$0 
2021 Jan 22 12:00:00 AM,"$175,464 ",$0 ,$0 ,$0 ,$0 ,$0 ,$0 ,$0 ,$0 ,$0 ,$0 ,$0 ,$0 ,"$160,440 ",$0 ,$0 ,$0 ,"$15,024 ",$0 ,$0 ,$0 ,$0 ,$0 ,$0 ,$0 ,$0 ,$0 ,$0 ,$0 ,$0 ,$0 ,$0 ,$0 ,$0 ,$0 ,$0 ,$0 ,$0 ,$0 ,$0 ,$0 ,$0 ,$0 ,$0 ,$0 ,$0 ,$0 
2021 Jan 25 12:00:00 AM,"$635,934 ",$0 ,$0 ,$0 ,$0 ,$0 ,$0 ,$0 ,$0 ,$0 ,$0 ,$0 ,"$212,277 ","$176,147 ",$0 ,$0 ,$0 ,"$243,589 ",$0 ,$0 ,$0 ,$0 ,$0 ,$0 ,$0 ,$0 ,$0 ,"$3,921 ",$0 ,$0 ,$0 ,$0 ,$0 ,$0 ,$0 ,$0 ,$0 ,$0 ,$0 ,$0 ,$0 ,$0 ,$0 ,$0 ,$0 ,$0 ,$0 
2021 Jan 26 12:00:00 AM,"$2,155,591 ","$84,695 ",$0 ,$0 ,$0 ,$0 ,$0 ,$0 ,$0 ,$0 ,$0 ,$0 ,$0 ,"$139,092 ",$0 ,$0 ,$0 ,"$194,767 ","$1,666,682 ",$0 ,$0 ,$0 ,$0 ,$0 ,$0 ,$0 ,$0 ,"$37,485 ",$0 ,$0 ,$0 ,$0 ,$0 ,"$26,250 ",$0 ,$0 ,$0 ,$0 ,$0 ,$0 ,$0 ,$0 ,$0 ,"$6,620 ",$0 ,$0 ,$0 
2021 Jan 27 12:00:00 AM,"$23,372,088 ",$0 ,$0 ,$0 ,$0 ,$0 ,$0 ,$0 ,$0 ,"$20,437,500 ",$0 ,$0 ,"$1,246,858 ","$85,542 ",$0 ,"$40,000 ",$0 ,"$146,569 ",$0 ,$0 ,$0 ,$0 ,$0 ,"$1,115,619 ",$0 ,$0 ,$0 ,$0 ,$0 ,$0 ,$0 ,$0 ,$0 ,$0 ,"$300,000 ",$0 ,$0 ,$0 ,$0 ,$0 ,$0 ,$0 ,$0 ,$0 ,$0 ,$0 ,$0 
2021 Jan 28 12:00:00 AM,"$3,605,872 ",$0 ,$0 ,$0 ,$0 ,$0 ,$0 ,$0 ,$0 ,$0 ,$0 ,$0 ,$0 ,"$1,284,775 ",$0 ,"$20,000 ",$0 ,"$2,101,097 ",$0 ,$0 ,$0 ,$0 ,"$200,000 ",$0 ,$0 ,$0 ,$0 ,$0 ,$0 ,$0 ,$0 ,$0 ,$0 ,$0 ,$0 ,$0 ,$0 ,$0 ,$0 ,$0 ,$0 ,$0 ,$0 ,$0 ,$0 ,$0 ,$0 
2021 Jan 29 12:00:00 AM,"$6,503,323 ",$0 ,$0 ,$0 ,$0 ,$0 ,$0 ,$0 ,$0 ,"$49,800 ",$0 ,$0 ,$0 ,"$89,872 ","$766,825 ",$0 ,$0 ,"$1,768,702 ","$3,726,519 ",$0 ,$0 ,$0 ,$0 ,"$21,605 ","$80,000 ",$0 ,$0 ,$0 ,$0 ,$0 ,$0 ,$0 ,$0 ,$0 ,$0 ,$0 ,$0 ,$0 ,$0 ,$0 ,$0 ,$0 ,$0 ,$0 ,$0 ,$0 ,$0 
2021 Feb 01 12:00:00 AM,"$86,238 ",$0 ,$0 ,$0 ,$0 ,$0 ,$0 ,$0 ,$0 ,$0 ,$0 ,$0 ,$0 ,"$18,600 ",$0 ,$0 ,$0 ,"$67,638 ",$0 ,$0 ,$0 ,$0 ,$0 ,$0 ,$0 ,$0 ,$0 ,$0 ,$0 ,$0 ,$0 ,$0 ,$0 ,$0 ,$0 ,$0 ,$0 ,$0 ,$0 ,$0 ,$0 ,$0 ,$0 ,$0 ,$0 ,$0 ,$0 
2021 Feb 02 12:00:00 AM,"$57,372,388 ",$0 ,"$15,606,805 ",$0 ,$0 ,$0 ,$0 ,$0 ,$0 ,"$41,738,462 ",$0 ,$0 ,"$15,458 ","$10,476 ",$0 ,$0 ,$0 ,"$1,187 ",$0 ,$0 ,$0 ,$0 ,$0 ,$0 ,$0 ,$0 ,$0 ,$0 ,$0 ,$0 ,$0 ,$0 ,$0 ,$0 ,$0 ,$0 ,$0 ,$0 ,$0 ,$0 ,$0 ,$0 ,$0 ,$0 ,$0 ,$0 ,$0 
2021 Feb 03 12:00:00 AM,"$34,527,871 ",$0 ,"$33,945,102 ",$0 ,$0 ,$0 ,$0 ,$0 ,"$358,265 ","$76,470 ",$0 ,$0 ,$0 ,"$109,519 ","$11,515 ",$0 ,$0 ,"$27,000 ",$0 ,$0 ,$0 ,$0 ,$0 ,$0 ,$0 ,$0 ,$0 ,$0 ,$0 ,$0 ,$0 ,$0 ,$0 ,$0 ,$0 ,$0 ,$0 ,$0 ,$0 ,$0 ,$0 ,$0 ,$0 ,$0 ,$0 ,$0 ,$0 
2021 Feb 04 12:00:00 AM,"$2,384,561 ",$0 ,$0 ,$0 ,$0 ,$0 ,$0 ,$0 ,$0 ,$0 ,$0 ,$0 ,"$2,181,581 ","$71,657 ",$0 ,$0 ,$0 ,"$66,324 ",$0 ,"$4,950 ",$0 ,$0 ,$0 ,$0 ,$0 ,$0 ,$0 ,"$17,010 ",$0 ,$0 ,$0 ,$0 ,$0 ,"$43,039 ",$0 ,$0 ,$0 ,$0 ,$0 ,$0 ,$0 ,$0 ,$0 ,$0 ,$0 ,$0 ,$0 
2021 Feb 05 12:00:00 AM,"$9,150,992 ",$0 ,$0 ,$0 ,$0 ,$0 ,$0 ,$1 ,$0 ,$0 ,$0 ,$0 ,"$2,629,133 ","$85,362 ",$0 ,"$1,284,079 ",$0 ,"$170,284 ",$0 ,$0 ,$0 ,$0 ,"$4,982,133 ",$0 ,$0 ,$0 ,$0 ,$0 ,$0 ,$0 ,$0 ,$0 ,$0 ,$0 ,$0 ,$0 ,$0 ,$0 ,$0 ,$0 ,$0 ,$0 ,$0 ,$0 ,$0 ,$0 ,$0 
2021 Feb 06 12:00:00 AM,"$1,235 ",$0 ,$0 ,$0 ,$0 ,$0 ,$0 ,$0 ,$0 ,$0 ,$0 ,$0 ,$0 ,"$1,235 ",$0 ,$0 ,$0 ,$0 ,$0 ,$0 ,$0 ,$0 ,$0 ,$0 ,$0 ,$0 ,$0 ,$0 ,$0 ,$0 ,$0 ,$0 ,$0 ,$0 ,$0 ,$0 ,$0 ,$0 ,$0 ,$0 ,$0 ,$0 ,$0 ,$0 ,$0 ,$0 ,$0 
2021 Feb 08 12:00:00 AM,"$96,825 ",$0 ,$0 ,$0 ,$0 ,$0 ,$0 ,$0 ,$0 ,$0 ,$0 ,$0 ,$0 ,"$64,245 ",$0 ,$0 ,$0 ,$0 ,$0 ,$0 ,$0 ,$0 ,$0 ,$0 ,$0 ,$0 ,$0 ,"$32,580 ",$0 ,$0 ,$0 ,$0 ,$0 ,$0 ,$0 ,$0 ,$0 ,$0 ,$0 ,$0 ,$0 ,$0 ,$0 ,$0 ,$0 ,$0 ,$0 
2021 Feb 09 12:00:00 AM,"$4,471,383 ",$0 ,$0 ,$0 ,$0 ,$0 ,$0 ,$0 ,$0 ,$0 ,$0 ,$0 ,$0 ,"$4,266,695 ",$0 ,"$1,100 ",$0 ,"$85,440 ","$116,702 ",$0 ,$0 ,$0 ,$0 ,$0 ,$0 ,$0 ,$0 ,$0 ,$0 ,$0 ,$0 ,$0 ,$0 ,$0 ,$0 ,$0 ,$0 ,$0 ,$0 ,$0 ,$0 ,$0 ,$0 ,"$1,446 ",$0 ,$0 ,$0 
2021 Feb 10 12:00:00 AM,"$771,354 ",$0 ,$0 ,$0 ,$0 ,$0 ,$0 ,$0 ,$0 ,$0 ,$0 ,$0 ,$0 ,"$14,319 ","$60,690 ","$350,000 ",$0 ,"$237,345 ",$0 ,$0 ,$0 ,$0 ,"$109,000 ",$0 ,$0 ,$0 ,$0 ,$0 ,$0 ,$0 ,$0 ,$0 ,$0 ,$0 ,$0 ,$0 ,$0 ,$0 ,$0 ,$0 ,$0 ,$0 ,$0 ,$0 ,$0 ,$0 ,$0 
2021 Feb 11 12:00:00 AM,"$3,692,398 ",$0 ,"$55,918 ",$0 ,$0 ,$0 ,$0 ,$0 ,$0 ,$0 ,$0 ,$0 ,$0 ,"$3,135,377 ",$0 ,$0 ,"$2,496 ","$148,035 ",$0 ,$0 ,"$9,572 ",$0 ,$0 ,$0 ,"$340,800 ",$0 ,$0 ,$0 ,$0 ,$0 ,$0 ,$0 ,$0 ,$0 ,$0 ,$200 ,$0 ,$0 ,$0 ,$0 ,$0 ,$0 ,$0 ,$0 ,$0 ,$0 ,$0 
2021 Feb 12 12:00:00 AM,"$1,247,116 ",$0 ,$0 ,$0 ,$0 ,$0 ,$0 ,$0 ,$0 ,"$1,193,866 ",$0 ,$0 ,$0 ,$0 ,$0 ,$0 ,$0 ,"$53,250 ",$0 ,$0 ,$0 ,$0 ,$0 ,$0 ,$0 ,$0 ,$0 ,$0 ,$0 ,$0 ,$0 ,$0 ,$0 ,$0 ,$0 ,$0 ,$0 ,$0 ,$0 ,$0 ,$0 ,$0 ,$0 ,$0 ,$0 ,$0 ,$0 
2021 Feb 16 12:00:00 AM,"$509,084 ",$0 ,$0 ,$0 ,$0 ,$0 ,$0 ,$0 ,$0 ,$0 ,$0 ,$0 ,$0 ,"$483,650 ",$0 ,$0 ,$0 ,"$25,434 ",$0 ,$0 ,$0 ,$0 ,$0 ,$0 ,$0 ,$0 ,$0 ,$0 ,$0 ,$0 ,$0 ,$0 ,$0 ,$0 ,$0 ,$0 ,$0 ,$0 ,$0 ,$0 ,$0 ,$0 ,$0 ,$0 ,$0 ,$0 ,$0 
2021 Feb 17 12:00:00 AM,"$99,939 ",$0 ,$0 ,$0 ,$0 ,$0 ,$0 ,$0 ,$0 ,$0 ,$0 ,$0 ,$0 ,$0 ,$0 ,$0 ,$0 ,"$99,939 ",$0 ,$0 ,$0 ,$0 ,$0 ,$0 ,$0 ,$0 ,$0 ,$0 ,$0 ,$0 ,$0 ,$0 ,$0 ,$0 ,$0 ,$0 ,$0 ,$0 ,$0 ,$0 ,$0 ,$0 ,$0 ,$0 ,$0 ,$0 ,$0 
2021 Feb 18 12:00:00 AM,"$4,057,991 ",$0 ,"$3,570 ",$0 ,$0 ,$0 ,$0 ,$0 ,$0 ,$0 ,$0 ,$0 ,$0 ,"$1,689,854 ","$3,496 ",$0 ,$0 ,"$2,330,935 ",$0 ,$0 ,"$2,733 ",$0 ,$0 ,$0 ,$0 ,$0 ,$0 ,"$27,403 ",$0 ,$0 ,$0 ,$0 ,$0 ,$0 ,$0 ,$0 ,$0 ,$0 ,$0 ,$0 ,$0 ,$0 ,$0 ,$0 ,$0 ,$0 ,$0 
2021 Feb 19 12:00:00 AM,"$61,309 ",$0 ,$0 ,$0 ,$0 ,$0 ,$0 ,$0 ,"$30,000 ",$0 ,$0 ,$0 ,$0 ,$0 ,$0 ,$0 ,$0 ,$0 ,$0 ,"$13,500 ",$0 ,$0 ,$0 ,$0 ,$0 ,$0 ,$0 ,$0 ,$0 ,$0 ,$0 ,$0 ,$0 ,"$17,809 ",$0 ,$0 ,$0 ,$0 ,$0 ,$0 ,$0 ,$0 ,$0 ,$0 ,$0 ,$0 ,$0 
2021 Feb 22 12:00:00 AM,"$1,409,241 ",$0 ,$0 ,$0 ,$0 ,$0 ,$0 ,$0 ,$0 ,$0 ,$0 ,$0 ,"$1,389,658 ","$2,033 ",$0 ,$0 ,$0 ,$0 ,$0 ,$0 ,$0 ,$0 ,$0 ,$0 ,$0 ,$0 ,$0 ,"$17,550 ",$0 ,$0 ,$0 ,$0 ,$0 ,$0 ,$0 ,$0 ,$0 ,$0 ,$0 ,$0 ,$0 ,$0 ,$0 ,$0 ,$0 ,$0 ,$0 
2021 Feb 23 12:00:00 AM,"$23,624,669 ",$0 ,$0 ,$0 ,$0 ,$0 ,$0 ,$0 ,$0 ,$0 ,$0 ,"$341,040 ",$0 ,"$23,273,879 ",$0 ,$0 ,$0 ,"$9,750 ",$0 ,$0 ,$0 ,$0 ,$0 ,$0 ,$0 ,$0 ,$0 ,$0 ,$0 ,$0 ,$0 ,$0 ,$0 ,$0 ,$0 ,$0 ,$0 ,$0 ,$0 ,$0 ,$0 ,$0 ,$0 ,$0 ,$0 ,$0 ,$0 
2021 Feb 24 12:00:00 AM,"$3,840,972 ",$0 ,$0 ,$0 ,$0 ,$0 ,$0 ,$0 ,$0 ,$0 ,$0 ,$0 ,$0 ,$329 ,$0 ,"$1,356 ",$0 ,"$3,670,562 ",$0 ,$0 ,$0 ,$0 ,$0 ,$0 ,$0 ,$0 ,$0 ,$0 ,$0 ,$0 ,$0 ,$0 ,$0 ,"$168,725 ",$0 ,$0 ,$0 ,$0 ,$0 ,$0 ,$0 ,$0 ,$0 ,$0 ,$0 ,$0 ,$0 
2021 Feb 25 12:00:00 AM,"$769,733 ",$0 ,$0 ,$0 ,$0 ,$0 ,$0 ,$0 ,$0 ,$0 ,$0 ,"$118,628 ",$0 ,$297 ,"$650,808 ",$0 ,$0 ,$0 ,$0 ,$0 ,$0 ,$0 ,$0 ,$0 ,$0 ,$0 ,$0 ,$0 ,$0 ,$0 ,$0 ,$0 ,$0 ,$0 ,$0 ,$0 ,$0 ,$0 ,$0 ,$0 ,$0 ,$0 ,$0 ,$0 ,$0 ,$0 ,$0 
2021 Feb 26 12:00:00 AM,"$265,957 ",$0 ,$0 ,$0 ,$0 ,$0 ,$0 ,$0 ,$0 ,$0 ,$0 ,$0 ,$0 ,$0 ,$0 ,$0 ,$0 ,"$265,957 ",$0 ,$0 ,$0 ,$0 ,$0 ,$0 ,$0 ,$0 ,$0 ,$0 ,$0 ,$0 ,$0 ,$0 ,$0 ,$0 ,$0 ,$0 ,$0 ,$0 ,$0 ,$0 ,$0 ,$0 ,$0 ,$0 ,$0 ,$0 ,$0 
2021 Mar 01 12:00:00 AM,"$30,359,150 ",$0 ,$0 ,$0 ,"$520,000 ",$0 ,$0 ,$0 ,$0 ,"$29,625,000 ",$0 ,$0 ,$0 ,"$2,683 ",$0 ,$0 ,$0 ,"$127,793 ",$0 ,$0 ,$0 ,$0 ,$0 ,$0 ,$0 ,$0 ,$0 ,$0 ,$0 ,$0 ,$0 ,$0 ,$0 ,"$83,674 ",$0 ,$0 ,$0 ,$0 ,$0 ,$0 ,$0 ,$0 ,$0 ,$0 ,$0 ,$0 ,$0 
2021 Mar 02 12:00:00 AM,"$31,061 ",$0 ,$0 ,$0 ,$0 ,$0 ,$0 ,$0 ,$0 ,$0 ,$0 ,$0 ,$0 ,"$31,061 ",$0 ,$0 ,$0 ,$0 ,$0 ,$0 ,$0 ,$0 ,$0 ,$0 ,$0 ,$0 ,$0 ,$0 ,$0 ,$0 ,$0 ,$0 ,$0 ,$0 ,$0 ,$0 ,$0 ,$0 ,$0 ,$0 ,$0 ,$0 ,$0 ,$0 ,$0 ,$0 ,$0 
2021 Mar 03 12:00:00 AM,"$45,168,354 ",$0 ,$0 ,$0 ,$0 ,$0 ,$0 ,$0 ,$0 ,$0 ,$0 ,$0 ,$0 ,"$1,106,344 ",$0 ,$0 ,$0 ,$0 ,$0 ,"$44,062,010 ",$0 ,$0 ,$0 ,$0 ,$0 ,$0 ,$0 ,$0 ,$0 ,$0 ,$0 ,$0 ,$0 ,$0 ,$0 ,$0 ,$0 ,$0 ,$0 ,$0 ,$0 ,$0 ,$0 ,$0 ,$0 ,$0 ,$0 
2021 Mar 04 12:00:00 AM,"$6,209,894 ",$0 ,$0 ,$0 ,$0 ,$0 ,$0 ,$0 ,$969 ,$0 ,$0 ,$0 ,$0 ,"$122,105 ",$0 ,$0 ,$0 ,"$6,084,987 ",$0 ,$0 ,$0 ,$0 ,$0 ,$0 ,$0 ,$0 ,$0 ,$0 ,$0 ,$0 ,$0 ,$0 ,$0 ,$0 ,"$1,833 ",$0 ,$0 ,$0 ,$0 ,$0 ,$0 ,$0 ,$0 ,$0 ,$0 ,$0 ,$0 
2021 Mar 05 12:00:00 AM,"$899,325 ",$0 ,$0 ,$0 ,"$15,750 ",$0 ,$0 ,$0 ,$0 ,$0 ,$0 ,$0 ,$0 ,"$5,651 ","$9,857 ",$0 ,$0 ,"$508,279 ","$343,667 ",$0 ,$0 ,$0 ,$0 ,$0 ,$0 ,$0 ,$0 ,$0 ,$0 ,$0 ,$0 ,$0 ,$0 ,$0 ,$0 ,$0 ,$0 ,"$16,121 ",$0 ,$0 ,$0 ,$0 ,$0 ,$0 ,$0 ,$0 ,$0 
2021 Mar 08 12:00:00 AM,"$479,012 ",$0 ,$0 ,$0 ,$0 ,$0 ,$0 ,$0 ,$0 ,$0 ,$0 ,$0 ,$0 ,"$4,279 ","$163,390 ",$0 ,$0 ,"$222,703 ",$0 ,$0 ,$0 ,$0 ,$0 ,$0 ,$0 ,$0 ,$0 ,"$8,640 ",$0 ,$0 ,$0 ,$0 ,$0 ,$0 ,$0 ,$0 ,$0 ,"$80,000 ",$0 ,$0 ,$0 ,$0 ,$0 ,$0 ,$0 ,$0 ,$0 
2021 Mar 09 12:00:00 AM,"$28,187 ",$0 ,$0 ,$0 ,$0 ,$0 ,$0 ,$0 ,$0 ,$0 ,$0 ,$0 ,$0 ,"$9,457 ",$0 ,"$18,730 ",$0 ,$0 ,$0 ,$0 ,$0 ,$0 ,$0 ,$0 ,$0 ,$0 ,$0 ,$0 ,$0 ,$0 ,$0 ,$0 ,$0 ,$0 ,$0 ,$0 ,$0 ,$0 ,$0 ,$0 ,$0 ,$0 ,$0 ,$0 ,$0 ,$0 ,$0 
2021 Mar 10 12:00:00 AM,"$29,552,364 ",$0 ,$0 ,$0 ,$0 ,$0 ,$0 ,$0 ,$0 ,$195 ,$0 ,$0 ,"$15,402,746 ","$13,189,423 ",$0 ,$0 ,$0 ,"$840,000 ",$0 ,"$120,000 ",$0 ,$0 ,$0 ,$0 ,$0 ,$0 ,$0 ,$0 ,$0 ,$0 ,$0 ,$0 ,$0 ,$0 ,$0 ,$0 ,$0 ,$0 ,$0 ,$0 ,$0 ,$0 ,$0 ,$0 ,$0 ,$0 ,$0 
2021 Mar 11 12:00:00 AM,"$16,578,786 ",$0 ,$0 ,$0 ,$0 ,$0 ,$0 ,$0 ,$0 ,"$15,475,304 ",$0 ,$0 ,$0 ,$0 ,$0 ,$0 ,$0 ,"$1,103,482 ",$0 ,$0 ,$0 ,$0 ,$0 ,$0 ,$0 ,$0 ,$0 ,$0 ,$0 ,$0 ,$0 ,$0 ,$0 ,$0 ,$0 ,$0 ,$0 ,$0 ,$0 ,$0 ,$0 ,$0 ,$0 ,$0 ,$0 ,$0 ,$0 
2021 Mar 12 12:00:00 AM,"$14,274,884 ",$0 ,$0 ,$0 ,$0 ,$0 ,$0 ,$0 ,$0 ,"$14,182,433 ",$0 ,$0 ,$0 ,"$4,586 ",$0 ,"$7,844 ",$0 ,"$80,021 ",$0 ,$0 ,$0 ,$0 ,$0 ,$0 ,$0 ,$0 ,$0 ,$0 ,$0 ,$0 ,$0 ,$0 ,$0 ,$0 ,$0 ,$0 ,$0 ,$0 ,$0 ,$0 ,$0 ,$0 ,$0 ,$0 ,$0 ,$0 ,$0 
2021 Mar 13 12:00:00 AM,$485 ,$0 ,$0 ,$0 ,$0 ,$0 ,$0 ,$0 ,$0 ,$0 ,$0 ,$0 ,$0 ,$485 ,$0 ,$0 ,$0 ,$0 ,$0 ,$0 ,$0 ,$0 ,$0 ,$0 ,$0 ,$0 ,$0 ,$0 ,$0 ,$0 ,$0 ,$0 ,$0 ,$0 ,$0 ,$0 ,$0 ,$0 ,$0 ,$0 ,$0 ,$0 ,$0 ,$0 ,$0 ,$0 ,$0 
2021 Mar 15 12:00:00 AM,"$7,653 ",$0 ,$0 ,$0 ,$0 ,$0 ,$0 ,$0 ,$0 ,$0 ,$0 ,$0 ,$0 ,"$7,653 ",$0 ,$0 ,$0 ,$0 ,$0 ,$0 ,$0 ,$0 ,$0 ,$0 ,$0 ,$0 ,$0 ,$0 ,$0 ,$0 ,$0 ,$0 ,$0 ,$0 ,$0 ,$0 ,$0 ,$0 ,$0 ,$0 ,$0 ,$0 ,$0 ,$0 ,$0 ,$0 ,$0 
2021 Mar 16 12:00:00 AM,"$1,772,536 ",$0 ,$0 ,$0 ,$0 ,$0 ,$0 ,$0 ,"$332,257 ","$1,189,500 ",$0 ,"$19,560 ",$0 ,"$153,427 ",$0 ,$0 ,$0 ,"$77,792 ",$0 ,$0 ,$0 ,$0 ,$0 ,$0 ,$0 ,$0 ,$0 ,$0 ,$0 ,$0 ,$0 ,$0 ,$0 ,$0 ,$0 ,$0 ,$0 ,$0 ,$0 ,$0 ,$0 ,$0 ,$0 ,$0 ,$0 ,$0 ,$0 
2021 Mar 17 12:00:00 AM,"$14,199,007 ",$0 ,$0 ,$0 ,$0 ,$0 ,$0 ,$0 ,$0 ,"$4,842,370 ",$0 ,$0 ,$0 ,"$449,996 ","$5,007,234 ",$0 ,$0 ,"$355,666 ",$0 ,"$3,540,381 ",$0 ,$0 ,$0 ,$0 ,$0 ,$0 ,$0 ,$0 ,$0 ,$0 ,$0 ,$0 ,$0 ,$0 ,$0 ,$0 ,$0 ,$0 ,$0 ,$0 ,$0 ,$0 ,"$3,360 ",$0 ,$0 ,$0 ,$0 
2021 Mar 18 12:00:00 AM,"$2,654,226 ",$0 ,$0 ,$0 ,$0 ,$0 ,$0 ,$0 ,$0 ,$0 ,$0 ,$0 ,$0 ,"$5,232 ",$0 ,$0 ,$0 ,"$5,244 ",$0 ,$0 ,$0 ,$0 ,$0 ,"$2,643,750 ",$0 ,$0 ,$0 ,$0 ,$0 ,$0 ,$0 ,$0 ,$0 ,$0 ,$0 ,$0 ,$0 ,$0 ,$0 ,$0 ,$0 ,$0 ,$0 ,$0 ,$0 ,$0 ,$0 
2021 Mar 19 12:00:00 AM,"$1,427,113 ",$0 ,$0 ,$0 ,$0 ,$0 ,$0 ,$0 ,$0 ,$0 ,$0 ,$0 ,$0 ,"$27,113 ","$1,300,000 ",$0 ,$0 ,"$100,000 ",$0 ,$0 ,$0 ,$0 ,$0 ,$0 ,$0 ,$0 ,$0 ,$0 ,$0 ,$0 ,$0 ,$0 ,$0 ,$0 ,$0 ,$0 ,$0 ,$0 ,$0 ,$0 ,$0 ,$0 ,$0 ,$0 ,$0 ,$0 ,$0 
2021 Mar 22 12:00:00 AM,"$464,597 ",$0 ,$0 ,$0 ,$0 ,$0 ,$0 ,$0 ,$0 ,$0 ,$0 ,$0 ,$0 ,$56 ,$0 ,"$116,995 ",$0 ,"$3,146 ",$0 ,"$344,400 ",$0 ,$0 ,$0 ,$0 ,$0 ,$0 ,$0 ,$0 ,$0 ,$0 ,$0 ,$0 ,$0 ,$0 ,$0 ,$0 ,$0 ,$0 ,$0 ,$0 ,$0 ,$0 ,$0 ,$0 ,$0 ,$0 ,$0 
2021 Mar 23 12:00:00 AM,"$21,064,171 ",$0 ,$0 ,$0 ,$0 ,$0 ,$0 ,$0 ,$0 ,"$9,980,700 ",$0 ,$0 ,$0 ,"$14,115 ",$0 ,$0 ,$0 ,"$11,069,356 ",$0 ,$0 ,$0 ,$0 ,$0 ,$0 ,$0 ,$0 ,$0 ,$0 ,$0 ,$0 ,$0 ,$0 ,$0 ,$0 ,$0 ,$0 ,$0 ,$0 ,$0 ,$0 ,$0 ,$0 ,$0 ,$0 ,$0 ,$0 ,$0 
2021 Mar 24 12:00:00 AM,"$81,969,754 ","$65,000 ","$77,190 ",$0 ,$0 ,$0 ,$0 ,$0 ,$0 ,"$684,000 ",$0 ,$0 ,$0 ,"$169,177 ","$47,474,786 ",$0 ,$0 ,"$1,944,467 ","$5,914,568 ","$2,014,702 ",$0 ,$0 ,"$23,495,893 ",$0 ,$0 ,$0 ,$0 ,$0 ,$0 ,"$80,417 ",$0 ,$0 ,$0 ,"$49,554 ",$0 ,$0 ,$0 ,$0 ,$0 ,$0 ,$0 ,$0 ,$0 ,$0 ,$0 ,$0 ,$0 
2021 Mar 25 12:00:00 AM,"$562,279 ",$0 ,$0 ,$0 ,$0 ,$0 ,$0 ,$0 ,$0 ,$0 ,$0 ,"$20,000 ",$0 ,"$31,531 ",$0 ,"$98,373 ",$0 ,"$297,690 ",$0 ,$0 ,$0 ,$0 ,$0 ,$0 ,$0 ,$0 ,$0 ,$0 ,$0 ,$0 ,$0 ,$0 ,$0 ,"$114,685 ",$0 ,$0 ,$0 ,$0 ,$0 ,$0 ,$0 ,$0 ,$0 ,$0 ,$0 ,$0 ,$0 
2021 Mar 26 12:00:00 AM,"$25,712,941 ",$0 ,$0 ,$0 ,$0 ,$0 ,$0 ,$0 ,$0 ,$0 ,$0 ,$0 ,$0 ,"$16,276,332 ","$8,967,838 ","$2,728 ",$0 ,$493 ,$0 ,"$465,550 ",$0 ,$0 ,$0 ,$0 ,$0 ,$0 ,$0 ,$0 ,$0 ,$0 ,$0 ,$0 ,$0 ,$0 ,$0 ,$0 ,$0 ,$0 ,$0 ,$0 ,$0 ,$0 ,$0 ,$0 ,$0 ,$0 ,$0 
2021 Mar 29 12:00:00 AM,"$6,427,306 ","$19,947 ",$0 ,$0 ,$0 ,$0 ,$0 ,$0 ,$0 ,$0 ,$0 ,$0 ,$0 ,$346 ,"$3,843,922 ",$0 ,$0 ,"$2,531,091 ",$0 ,$0 ,$0 ,$0 ,$0 ,$0 ,$0 ,$0 ,$0 ,$0 ,$0 ,$0 ,$0 ,$0 ,$0 ,$0 ,$0 ,$0 ,$0 ,"$32,000 ",$0 ,$0 ,$0 ,$0 ,$0 ,$0 ,$0 ,$0 ,$0 
2021 Mar 30 12:00:00 AM,"$3,323,485 ",$0 ,$0 ,$0 ,$0 ,$0 ,$0 ,$0 ,$0 ,"$2,173,252 ",$0 ,$0 ,$0 ,"$905,337 ",$0 ,$0 ,$0 ,"$231,826 ",$0 ,$0 ,$0 ,$0 ,$0 ,$0 ,$0 ,$0 ,$0 ,$0 ,$0 ,$0 ,$0 ,$0 ,$0 ,$0 ,$0 ,$0 ,$0 ,$0 ,$0 ,$0 ,$0 ,$0 ,$0 ,"$13,070 ",$0 ,$0 ,$0 
2021 Mar 31 12:00:00 AM,"$2,904,399 ",$0 ,$0 ,$0 ,$0 ,$0 ,$0 ,$0 ,$0 ,$0 ,$0 ,$0 ,$0 ,"$1,582,461 ",$0 ,$0 ,$0 ,"$285,672 ",$0 ,"$1,026,000 ","$10,266 ",$0 ,$0 ,$0 ,$0 ,$0 ,$0 ,$0 ,$0 ,$0 ,$0 ,$0 ,$0 ,$0 ,$0 ,$0 ,$0 ,$0 ,$0 ,$0 ,$0 ,$0 ,$0 ,$0 ,$0 ,$0 ,$0 
2021 Apr 01 12:00:00 AM,"$1,600,647 ","$50,000 ",$0 ,$0 ,$0 ,$0 ,$0 ,$0 ,$0 ,$0 ,$272 ,$0 ,$0 ,"$1,456,115 ",$0 ,$0 ,$0 ,"$94,260 ",$0 ,$0 ,$0 ,$0 ,$0 ,$0 ,$0 ,$0 ,$0 ,$0 ,$0 ,$0 ,$0 ,$0 ,$0 ,$0 ,$0 ,$0 ,$0 ,$0 ,$0 ,$0 ,$0 ,$0 ,$0 ,$0 ,$0 ,$0 ,$0 
2021 Apr 02 12:00:00 AM,"$1,449,820 ",$0 ,$0 ,$0 ,$0 ,$0 ,$0 ,$0 ,$0 ,$0 ,$0 ,$0 ,$0 ,$0 ,"$1,185,261 ","$9,717 ",$0 ,"$28,594 ",$0 ,"$226,248 ",$0 ,$0 ,$0 ,$0 ,$0 ,$0 ,$0 ,$0 ,$0 ,$0 ,$0 ,$0 ,$0 ,$0 ,$0 ,$0 ,$0 ,$0 ,$0 ,$0 ,$0 ,$0 ,$0 ,$0 ,$0 ,$0 ,$0 
2021 Apr 05 12:00:00 AM,"$37,013,920 ",$0 ,$0 ,$0 ,$0 ,$0 ,$0 ,$0 ,$0 ,$0 ,$0 ,$0 ,$0 ,"$7,903 ",$0 ,"$88,648 ",$0 ,"$271,085 ","$5,517,325 ","$31,080,709 ",$0 ,$0 ,$0 ,$0 ,$0 ,$0 ,$0 ,"$48,250 ",$0 ,$0 ,$0 ,$0 ,$0 ,$0 ,$0 ,$0 ,$0 ,$0 ,$0 ,$0 ,$0 ,$0 ,$0 ,$0 ,$0 ,$0 ,$0 
2021 Apr 06 12:00:00 AM,"$71,897,536 ",$0 ,$0 ,$0 ,$0 ,$0 ,$0 ,$0 ,$0 ,$0 ,$0 ,$0 ,$0 ,"$26,739 ","$5,000,000 ",$0 ,$0 ,"$804,572 ",$0 ,"$65,381,293 ",$0 ,$0 ,$0 ,$0 ,$0 ,$0 ,$0 ,$0 ,$0 ,$0 ,$0 ,$0 ,$0 ,"$364,000 ",$0 ,$0 ,$0 ,$0 ,$0 ,$0 ,$0 ,$0 ,$0 ,"$320,932 ",$0 ,$0 ,$0 
2021 Apr 07 12:00:00 AM,"$1,730,558 ",$0 ,$0 ,$0 ,$0 ,$0 ,$0 ,$0 ,$0 ,$0 ,$0 ,$0 ,$0 ,"$28,464 ","$101,840 ",$0 ,$0 ,"$1,600,254 ",$0 ,$0 ,$0 ,$0 ,$0 ,$0 ,$0 ,$0 ,$0 ,$0 ,$0 ,$0 ,$0 ,$0 ,$0 ,$0 ,$0 ,$0 ,$0 ,$0 ,$0 ,$0 ,$0 ,$0 ,$0 ,$0 ,$0 ,$0 ,$0 
2021 Apr 08 12:00:00 AM,"$29,785,377 ","$110,329 ",$0 ,$0 ,$0 ,$0 ,$0 ,$0 ,$0 ,$0 ,$0 ,$0 ,$0 ,"$9,013 ","$29,414,000 ","$21,655 ",$0 ,"$177,466 ",$0 ,"$42,914 ",$0 ,$0 ,$0 ,$0 ,$0 ,$0 ,$0 ,$0 ,$0 ,$0 ,$0 ,$0 ,$0 ,"$10,000 ",$0 ,$0 ,$0 ,$0 ,$0 ,$0 ,$0 ,$0 ,$0 ,$0 ,$0 ,$0 ,$0 
2021 Apr 09 12:00:00 AM,"$3,371,618 ",$0 ,$0 ,$0 ,$0 ,$0 ,$0 ,$0 ,$0 ,$0 ,$0 ,$0 ,$0 ,"$19,125 ","$3,312,646 ","$19,847 ",$0 ,$0 ,$0 ,$0 ,$0 ,$0 ,$0 ,$0 ,$0 ,$0 ,$0 ,"$20,000 ",$0 ,$0 ,$0 ,$0 ,$0 ,$0 ,$0 ,$0 ,$0 ,$0 ,$0 ,$0 ,$0 ,$0 ,$0 ,$0 ,$0 ,$0 ,$0 
2021 Apr 12 12:00:00 AM,"$6,622,167 ",$0 ,$0 ,$0 ,$0 ,$0 ,$0 ,$0 ,$0 ,"$1,189,500 ",$0 ,$0 ,$0 ,"$4,163 ","$3,000,000 ",$0 ,$0 ,$0 ,$0 ,"$27,597 ",$0 ,$0 ,$0 ,$0 ,$0 ,$0 ,$0 ,$0 ,$0 ,$0 ,$0 ,$0 ,$0 ,"$2,400,907 ",$0 ,$0 ,$0 ,$0 ,$0 ,$0 ,$0 ,$0 ,$0 ,$0 ,$0 ,$0 ,$0 
2021 Apr 13 12:00:00 AM,"$1,572,589 ",$0 ,"$104,874 ",$0 ,$0 ,$0 ,$0 ,$0 ,$0 ,$0 ,$0 ,$0 ,$0 ,"$403,783 ",$0 ,"$1,063,932 ",$0 ,$0 ,$0 ,$0 ,$0 ,$0 ,$0 ,$0 ,$0 ,$0 ,$0 ,$0 ,$0 ,$0 ,$0 ,$0 ,$0 ,$0 ,$0 ,$0 ,$0 ,$0 ,$0 ,$0 ,$0 ,$0 ,$0 ,$0 ,$0 ,$0 ,$0 
2021 Apr 14 12:00:00 AM,"$531,073 ",$0 ,$0 ,$0 ,$0 ,$0 ,$0 ,$0 ,$0 ,$0 ,$0 ,$0 ,$0 ,"$505,203 ",$0 ,$0 ,$0 ,"$25,870 ",$0 ,$0 ,$0 ,$0 ,$0 ,$0 ,$0 ,$0 ,$0 ,$0 ,$0 ,$0 ,$0 ,$0 ,$0 ,$0 ,$0 ,$0 ,$0 ,$0 ,$0 ,$0 ,$0 ,$0 ,$0 ,$0 ,$0 ,$0 ,$0 
2021 Apr 15 12:00:00 AM,"$7,013,889 ","$2,364 ",$0 ,$0 ,$0 ,$0 ,$0 ,$0 ,$0 ,$0 ,$0 ,$0 ,"$5,807,469 ","$2,709 ",$0 ,$0 ,$0 ,"$41,347 ",$0 ,"$1,100,000 ",$0 ,$0 ,$0 ,$0 ,$0 ,$0 ,$0 ,$0 ,$0 ,$0 ,$0 ,$0 ,$0 ,$0 ,$0 ,$0 ,$0 ,"$60,000 ",$0 ,$0 ,$0 ,$0 ,$0 ,$0 ,$0 ,$0 ,$0 
2021 Apr 16 12:00:00 AM,"$6,802,808 ","$5,000 ",$0 ,$0 ,$0 ,$0 ,$0 ,$0 ,$0 ,"$6,543,165 ",$0 ,$0 ,$0 ,"$20,521 ",$0 ,"$4,294 ",$0 ,"$29,941 ",$0 ,"$199,887 ",$0 ,$0 ,$0 ,$0 ,$0 ,$0 ,$0 ,$0 ,$0 ,$0 ,$0 ,$0 ,$0 ,$0 ,$0 ,$0 ,$0 ,$0 ,$0 ,$0 ,$0 ,$0 ,$0 ,$0 ,$0 ,$0 ,$0 
2021 Apr 19 12:00:00 AM,"$3,501,057 ",$0 ,$0 ,$0 ,$0 ,$0 ,$0 ,$0 ,$0 ,$0 ,$0 ,$0 ,$0 ,"$3,944 ",$0 ,$0 ,$0 ,"$41,591 ","$449,383 ","$994,350 ","$5,003 ",$0 ,"$2,000,000 ",$0 ,$0 ,$0 ,$0 ,$0 ,$0 ,$0 ,$0 ,$0 ,$0 ,$0 ,$0 ,$0 ,$0 ,$0 ,$0 ,$0 ,$0 ,$0 ,$0 ,$0 ,"$6,786 ",$0 ,$0 
2021 Apr 20 12:00:00 AM,"$8,868,572 ",$0 ,$0 ,$0 ,$0 ,$0 ,$0 ,$0 ,$0 ,$0 ,$0 ,$0 ,$0 ,"$5,283 ","$8,319,156 ",$0 ,$0 ,"$110,959 ","$177,424 ","$255,750 ",$0 ,$0 ,$0 ,$0 ,$0 ,$0 ,$0 ,$0 ,$0 ,$0 ,$0 ,$0 ,$0 ,$0 ,$0 ,$0 ,$0 ,$0 ,$0 ,$0 ,$0 ,$0 ,$0 ,$0 ,$0 ,$0 ,$0 
2021 Apr 21 12:00:00 AM,"$8,102,891 ",$0 ,"$114,828 ",$0 ,$0 ,$0 ,$0 ,$0 ,$0 ,"$5,268,114 ",$0 ,$0 ,$0 ,$0 ,$0 ,$0 ,$0 ,"$99,999 ","$208,238 ","$911,712 ",$0 ,$0 ,$0 ,$0 ,$0 ,$0 ,$0 ,$0 ,$0 ,$0 ,$0 ,$0 ,$0 ,$0 ,$0 ,$0 ,"$1,500,000 ",$0 ,$0 ,$0 ,$0 ,$0 ,$0 ,$0 ,$0 ,$0 ,$0 
2021 Apr 22 12:00:00 AM,"$124,038 ",$0 ,$0 ,$0 ,$0 ,$0 ,$0 ,$0 ,$0 ,$0 ,$0 ,$0 ,$0 ,"$7,123 ",$0 ,$0 ,$0 ,"$18,822 ",$0 ,"$54,146 ",$0 ,$0 ,$0 ,$0 ,$0 ,$0 ,$0 ,$0 ,$0 ,$0 ,$0 ,$0 ,$0 ,$0 ,$0 ,$0 ,$0 ,$0 ,$0 ,$0 ,$0 ,$0 ,$0 ,"$43,947 ",$0 ,$0 ,$0 
2021 Apr 23 12:00:00 AM,"$554,194 ",$0 ,$0 ,$0 ,$0 ,$0 ,$0 ,$0 ,$0 ,$0 ,$0 ,$0 ,$0 ,"$105,853 ","$93,280 ",$0 ,$0 ,"$324,794 ",$0 ,$0 ,$0 ,$0 ,$0 ,$0 ,$0 ,$0 ,$0 ,$0 ,$0 ,$0 ,$0 ,$0 ,$0 ,$0 ,$0 ,$0 ,$0 ,$0 ,$0 ,$0 ,$0 ,$0 ,$0 ,"$30,267 ",$0 ,$0 ,$0 
2021 Apr 26 12:00:00 AM,"$4,677,550 ",$0 ,$0 ,$0 ,$0 ,$0 ,$0 ,$0 ,$0 ,"$206,911 ",$0 ,$0 ,$0 ,"$119,223 ","$752,160 ",$0 ,$0 ,"$2,939,504 ",$0 ,"$473,182 ",$0 ,$0 ,$0 ,$0 ,$0 ,$0 ,$0 ,$0 ,$0 ,$0 ,$0 ,$0 ,$0 ,$0 ,"$154,068 ",$0 ,$0 ,$0 ,$0 ,$0 ,$0 ,$0 ,$0 ,"$19,839 ","$10,188 ",$0 ,"$2,475 "
2021 Apr 27 12:00:00 AM,"$24,793,373 ",$0 ,$0 ,$0 ,$0 ,$0 ,$0 ,$0 ,$0 ,"$23,326,947 ",$0 ,$0 ,$0 ,"$73,862 ",$0 ,$0 ,$0 ,"$68,426 ","$1,324,138 ",$0 ,$0 ,$0 ,$0 ,$0 ,$0 ,$0 ,$0 ,$0 ,$0 ,$0 ,$0 ,$0 ,$0 ,$0 ,$0 ,$0 ,$0 ,$0 ,$0 ,$0 ,$0 ,$0 ,$0 ,$0 ,$0 ,$0 ,$0 
2021 Apr 28 12:00:00 AM,"$6,011,038 ",$0 ,$0 ,$0 ,$0 ,$0 ,$0 ,"$17,916 ",$0 ,"$5,807,090 ",$0 ,$0 ,$0 ,"$53,652 ","$44,322 ",$0 ,$0 ,"$88,058 ",$0 ,$0 ,$0 ,$0 ,$0 ,$0 ,$0 ,$0 ,$0 ,$0 ,$0 ,$0 ,$0 ,$0 ,$0 ,$0 ,$0 ,$0 ,$0 ,$0 ,$0 ,$0 ,$0 ,$0 ,$0 ,$0 ,$0 ,$0 ,$0 
2021 Apr 29 12:00:00 AM,"$29,466,183 ",$0 ,"$62,600 ",$0 ,$0 ,$0 ,$0 ,$0 ,$0 ,"$1,439,336 ",$0 ,$0 ,$0 ,"$86,559 ","$25,000,000 ","$80,577 ",$0 ,"$111,111 ",$0 ,$0 ,$0 ,$0 ,$0 ,$0 ,$0 ,$0 ,"$2,370 ",$0 ,$0 ,$0 ,$0 ,$0 ,$0 ,"$2,663,740 ",$0 ,$0 ,$0 ,$0 ,$0 ,$0 ,$0 ,$0 ,$0 ,$0 ,$0 ,$0 ,"$19,890 "
2021 Apr 30 12:00:00 AM,"$5,228,947 ",$0 ,"$895,000 ",$0 ,$0 ,$0 ,$0 ,$0 ,"$89,141 ","$10,753 ",$0 ,$0 ,$0 ,"$152,439 ","$240,000 ",$0 ,$0 ,"$439,297 ",$0 ,"$5,600 ",$0 ,$0 ,$0 ,$0 ,$0 ,$0 ,$0 ,$0 ,$0 ,$0 ,$0 ,$0 ,$0 ,$0 ,$0 ,$0 ,$0 ,$0 ,$0 ,$0 ,$0 ,$0 ,$0 ,"$3,396,717 ",$0 ,$0 ,$0 
2021 May 01 12:00:00 AM,"$2,550 ",$0 ,$0 ,$0 ,$0 ,$0 ,$0 ,$0 ,$0 ,$0 ,$0 ,$0 ,$0 ,"$2,550 ",$0 ,$0 ,$0 ,$0 ,$0 ,$0 ,$0 ,$0 ,$0 ,$0 ,$0 ,$0 ,$0 ,$0 ,$0 ,$0 ,$0 ,$0 ,$0 ,$0 ,$0 ,$0 ,$0 ,$0 ,$0 ,$0 ,$0 ,$0 ,$0 ,$0 ,$0 ,$0 ,$0 
2021 May 03 12:00:00 AM,"$8,656,951 ",$0 ,$0 ,$0 ,$0 ,$0 ,$0 ,$0 ,$0 ,$0 ,$0 ,$0 ,$0 ,"$121,453 ",$0 ,"$25,680 ",$0 ,"$5,286,648 ",$0 ,$0 ,$0 ,$0 ,"$3,223,170 ",$0 ,$0 ,$0 ,$0 ,$0 ,$0 ,$0 ,$0 ,$0 ,$0 ,$0 ,$0 ,$0 ,$0 ,$0 ,$0 ,$0 ,$0 ,$0 ,$0 ,$0 ,$0 ,$0 ,$0 
2021 May 04 12:00:00 AM,"$753,949 ",$0 ,$0 ,$0 ,$0 ,$0 ,$0 ,$0 ,"$3,595 ",$0 ,$0 ,$0 ,$0 ,"$241,744 ",$0 ,$0 ,$0 ,"$380,114 ","$70,446 ",$0 ,$0 ,$0 ,$0 ,$0 ,$0 ,"$15,540 ",$0 ,$0 ,$0 ,$0 ,$0 ,$0 ,$0 ,$0 ,$0 ,$0 ,$0 ,$0 ,$0 ,$0 ,$0 ,$0 ,$0 ,"$42,510 ",$0 ,$0 ,$0 
2021 May 05 12:00:00 AM,"$14,046,397 ",$0 ,$0 ,$0 ,$0 ,$0 ,$0 ,$0 ,$0 ,$0 ,$0 ,$0 ,"$4,244,382 ","$5,807,382 ",$0 ,$0 ,$0 ,"$2,287,017 ","$388,185 ",$0 ,$0 ,$0 ,"$1,318,562 ",$0 ,$0 ,$0 ,$595 ,$0 ,$0 ,$0 ,$0 ,$0 ,$0 ,$0 ,$0 ,$0 ,$0 ,$0 ,$0 ,$0 ,$274 ,$0 ,$0 ,$0 ,$0 ,$0 ,$0 
2021 May 06 12:00:00 AM,"$58,287,140 ",$0 ,$0 ,$0 ,$0 ,$0 ,$0 ,$0 ,$0 ,$0 ,$0 ,$0 ,$0 ,"$2,791,989 ",$0 ,$0 ,$0 ,$0 ,$0 ,"$32,490 ",$0 ,$0 ,"$55,462,661 ",$0 ,$0 ,$0 ,$0 ,$0 ,$0 ,$0 ,$0 ,$0 ,$0 ,$0 ,$0 ,$0 ,$0 ,$0 ,$0 ,$0 ,$0 ,$0 ,$0 ,$0 ,$0 ,$0 ,$0 
2021 May 07 12:00:00 AM,"$11,006,677 ",$0 ,$0 ,$0 ,$0 ,$0 ,$0 ,$0 ,$0 ,"$5,070 ",$720 ,"$236,520 ",$0 ,"$10,160,362 ","$466,363 ",$0 ,$0 ,"$2,679 ","$122,613 ",$0 ,$0 ,$0 ,$0 ,$0 ,$0 ,$0 ,"$12,350 ",$0 ,$0 ,$0 ,$0 ,$0 ,$0 ,$0 ,$0 ,$0 ,$0 ,$0 ,$0 ,$0 ,$0 ,$0 ,$0 ,$0 ,$0 ,$0 ,$0 
2021 May 10 12:00:00 AM,"$1,078,461 ",$0 ,$0 ,$0 ,$0 ,$0 ,$0 ,$0 ,$0 ,"$5,070 ",$850 ,$0 ,$0 ,"$1,072,541 ",$0 ,$0 ,$0 ,$0 ,$0 ,$0 ,$0 ,$0 ,$0 ,$0 ,$0 ,$0 ,$0 ,$0 ,$0 ,$0 ,$0 ,$0 ,$0 ,$0 ,$0 ,$0 ,$0 ,$0 ,$0 ,$0 ,$0 ,$0 ,$0 ,$0 ,$0 ,$0 ,$0 
2021 May 11 12:00:00 AM,"$12,247,158 ","$191,132 ","$900,000 ",$0 ,$0 ,$0 ,$0 ,$0 ,"$84,106 ",$0 ,$0 ,$0 ,$0 ,"$521,111 ",$0 ,$0 ,$0 ,"$118,929 ","$1,045,857 ","$6,215,353 ",$0 ,$0 ,$0 ,$0 ,$0 ,$0 ,$0 ,"$5,670 ",$0 ,$0 ,$0 ,$0 ,$0 ,"$3,165,000 ",$0 ,$0 ,$0 ,$0 ,$0 ,$0 ,$0 ,$0 ,$0 ,$0 ,$0 ,$0 ,$0 
2021 May 12 12:00:00 AM,"$32,465,430 ",$0 ,$0 ,$0 ,$0 ,$0 ,$0 ,$0 ,$0 ,"$2,580,000 ",$0 ,$0 ,$0 ,"$4,019,687 ",$0 ,$0 ,$0 ,"$1,952,922 ",$0 ,$0 ,$0 ,$0 ,$0 ,$0 ,$0 ,$0 ,$0 ,$0 ,$0 ,$0 ,$0 ,$0 ,$0 ,$0 ,$0 ,$0 ,"$23,912,821 ",$0 ,$0 ,$0 ,$0 ,$0 ,$0 ,$0 ,$0 ,$0 ,$0 
2021 May 13 12:00:00 AM,"$10,961,807 ",$0 ,$0 ,$0 ,$0 ,$0 ,$0 ,$0 ,$0 ,$0 ,$0 ,$0 ,$0 ,"$261,307 ","$757,620 ",$0 ,$0 ,"$190,624 ",$0 ,$0 ,$0 ,$0 ,$0 ,$0 ,$0 ,$0 ,$0 ,$0 ,$0 ,$0 ,$0 ,$0 ,$0 ,"$9,751,860 ",$0 ,$0 ,$0 ,$0 ,$0 ,$0 ,$396 ,$0 ,$0 ,$0 ,$0 ,$0 ,$0 
2021 May 14 12:00:00 AM,"$1,980,207 ",$0 ,$0 ,$0 ,"$19,872 ",$0 ,$0 ,$0 ,"$3,257 ",$0 ,$0 ,$0 ,$0 ,"$111,393 ",$0 ,$0 ,$0 ,"$1,845,685 ",$0 ,$0 ,$0 ,$0 ,$0 ,$0 ,$0 ,$0 ,$0 ,$0 ,$0 ,$0 ,$0 ,$0 ,$0 ,$0 ,$0 ,$0 ,$0 ,$0 ,$0 ,$0 ,$0 ,$0 ,$0 ,$0 ,$0 ,$0 ,$0 
2021 May 15 12:00:00 AM,"$1,357 ",$0 ,$0 ,$0 ,$0 ,$0 ,$0 ,$0 ,$0 ,$0 ,$0 ,$0 ,$0 ,"$1,357 ",$0 ,$0 ,$0 ,$0 ,$0 ,$0 ,$0 ,$0 ,$0 ,$0 ,$0 ,$0 ,$0 ,$0 ,$0 ,$0 ,$0 ,$0 ,$0 ,$0 ,$0 ,$0 ,$0 ,$0 ,$0 ,$0 ,$0 ,$0 ,$0 ,$0 ,$0 ,$0 ,$0 
2021 May 17 12:00:00 AM,"$2,015,798 ","$737,608 ",$0 ,$0 ,$0 ,$0 ,$0 ,$0 ,$0 ,$0 ,$0 ,$0 ,$0 ,"$654,982 ","$620,001 ",$0 ,$0 ,"$3,207 ",$0 ,$0 ,$0 ,$0 ,$0 ,$0 ,$0 ,$0 ,$0 ,$0 ,$0 ,$0 ,$0 ,$0 ,$0 ,$0 ,$0 ,$0 ,$0 ,$0 ,$0 ,$0 ,$0 ,$0 ,$0 ,$0 ,$0 ,$0 ,$0 
2021 May 18 12:00:00 AM,"$13,940,223 ",$0 ,$0 ,$0 ,$0 ,$0 ,$0 ,$0 ,"$134,010 ","$140,240 ","$6,760 ",$0 ,"$2,117,892 ","$163,231 ",$0 ,$0 ,$0 ,"$1,303,882 ","$3,616,465 ","$55,396 ",$0 ,$0 ,$0 ,$0 ,$0 ,$0 ,$0 ,$0 ,$0 ,$0 ,$0 ,$0 ,$0 ,"$6,402,347 ",$0 ,$0 ,$0 ,$0 ,$0 ,$0 ,$0 ,$0 ,$0 ,$0 ,$0 ,$0 ,$0 
2021 May 19 12:00:00 AM,"$3,480,196 ",$0 ,"$213,675 ",$0 ,"$100,000 ",$0 ,$0 ,$0 ,$0 ,"$14,785 ",$0 ,$0 ,$0 ,"$271,083 ",$0 ,$0 ,$0 ,"$2,880,653 ",$0 ,$0 ,$0 ,$0 ,$0 ,$0 ,$0 ,$0 ,$0 ,$0 ,$0 ,$0 ,$0 ,$0 ,$0 ,$0 ,$0 ,$0 ,$0 ,$0 ,$0 ,$0 ,$0 ,$0 ,$0 ,$0 ,$0 ,$0 ,$0 
2021 May 20 12:00:00 AM,"$16,197,008 ",$0 ,"$1,069,250 ",$0 ,$0 ,$0 ,$0 ,$0 ,$0 ,$0 ,$0 ,$0 ,$0 ,"$68,826 ",$0 ,$0 ,$0 ,"$62,270 ",$0 ,"$7,800,657 ",$0 ,$0 ,$0 ,$0 ,$0 ,$0 ,$0 ,$0 ,$0 ,$0 ,$0 ,$0 ,$0 ,$0 ,$0 ,$0 ,"$7,196,005 ",$0 ,$0 ,$0 ,$0 ,$0 ,$0 ,$0 ,$0 ,$0 ,$0 
2021 May 21 12:00:00 AM,"$5,762,472 ",$0 ,$0 ,$0 ,$0 ,$0 ,$0 ,$0 ,$0 ,$0 ,$0 ,$0 ,$0 ,"$70,034 ","$221,603 ",$0 ,$0 ,"$3,754,020 ","$1,614,216 ",$0 ,$0 ,$0 ,"$100,000 ",$0 ,$0 ,$0 ,$0 ,$0 ,$0 ,$0 ,$0 ,$0 ,$0 ,$0 ,$0 ,$0 ,$0 ,$0 ,$0 ,$0 ,$0 ,$0 ,$0 ,$0 ,"$2,599 ",$0 ,$0 
2021 May 22 12:00:00 AM,"$18,491 ",$0 ,$0 ,$0 ,$0 ,$0 ,$0 ,$0 ,$0 ,$0 ,$0 ,$0 ,$0 ,"$18,491 ",$0 ,$0 ,$0 ,$0 ,$0 ,$0 ,$0 ,$0 ,$0 ,$0 ,$0 ,$0 ,$0 ,$0 ,$0 ,$0 ,$0 ,$0 ,$0 ,$0 ,$0 ,$0 ,$0 ,$0 ,$0 ,$0 ,$0 ,$0 ,$0 ,$0 ,$0 ,$0 ,$0 
2021 May 24 12:00:00 AM,"$14,073,535 ",$0 ,$0 ,$0 ,$0 ,$0 ,$0 ,$0 ,$0 ,$0 ,$160 ,$0 ,$0 ,"$149,691 ","$13,000,000 ",$0 ,$0 ,"$12,609 ",$0 ,"$436,221 ",$0 ,$0 ,$0 ,$0 ,"$472,254 ",$0 ,$0 ,$0 ,$0 ,$0 ,$0 ,$0 ,$0 ,$0 ,$0 ,$0 ,$0 ,$0 ,$0 ,$0 ,$0 ,$0 ,$0 ,$0 ,$0 ,$0 ,"$2,600 "
2021 May 25 12:00:00 AM,"$2,315,687 ","$316,976 ",$0 ,$0 ,$0 ,$0 ,$0 ,$0 ,"$135,377 ",$0 ,$0 ,$0 ,$0 ,"$119,677 ",$0 ,$0 ,$0 ,"$59,203 ","$1,684,454 ",$0 ,$0 ,$0 ,$0 ,$0 ,$0 ,$0 ,$0 ,$0 ,$0 ,$0 ,$0 ,$0 ,$0 ,$0 ,$0 ,$0 ,$0 ,$0 ,$0 ,$0 ,$0 ,$0 ,$0 ,$0 ,$0 ,$0 ,$0 
2021 May 26 12:00:00 AM,"$8,264,308 ",$0 ,$0 ,$0 ,$0 ,$0 ,$0 ,$0 ,"$145,745 ",$0 ,$984 ,$0 ,$0 ,"$191,994 ","$1,293,602 ",$0 ,$0 ,"$2,579,072 ","$4,031,920 ",$0 ,$0 ,"$4,715 ","$16,276 ",$0 ,$0 ,$0 ,$0 ,$0 ,$0 ,$0 ,$0 ,$0 ,$0 ,$0 ,$0 ,$0 ,$0 ,$0 ,$0 ,$0 ,$0 ,$0 ,$0 ,$0 ,$0 ,$0 ,$0 
2021 May 27 12:00:00 AM,"$52,095,881 ",$0 ,"$17,788 ",$0 ,$0 ,$0 ,$0 ,$0 ,$0 ,$0 ,$0 ,$0 ,"$1,631,178 ","$153,538 ","$50,262,091 ",$0 ,$0 ,"$16,800 ",$0 ,$0 ,$0 ,$0 ,$0 ,$0 ,$0 ,$0 ,$0 ,$0 ,$0 ,$0 ,$0 ,$0 ,$0 ,$0 ,$0 ,$0 ,$0 ,$0 ,$0 ,$0 ,$0 ,$0 ,$0 ,"$14,486 ",$0 ,$0 ,$0 
2021 May 28 12:00:00 AM,"$18,230,609 ",$0 ,$0 ,$0 ,$0 ,$0 ,$0 ,$0 ,"$11,719,839 ",$0 ,$0 ,$0 ,"$461,452 ","$59,160 ",$0 ,$0 ,$0 ,"$110,454 ","$5,876,619 ","$2,085 ",$0 ,$0 ,$0 ,"$1,000 ",$0 ,$0 ,$0 ,$0 ,$0 ,$0 ,$0 ,$0 ,$0 ,$0 ,$0 ,$0 ,$0 ,$0 ,$0 ,$0 ,$0 ,$0 ,$0 ,$0 ,$0 ,$0 ,$0 
2021 May 29 12:00:00 AM,$38 ,$0 ,$0 ,$0 ,$0 ,$0 ,$0 ,$0 ,$0 ,$0 ,$0 ,$0 ,$0 ,$38 ,$0 ,$0 ,$0 ,$0 ,$0 ,$0 ,$0 ,$0 ,$0 ,$0 ,$0 ,$0 ,$0 ,$0 ,$0 ,$0 ,$0 ,$0 ,$0 ,$0 ,$0 ,$0 ,$0 ,$0 ,$0 ,$0 ,$0 ,$0 ,$0 ,$0 ,$0 ,$0 ,$0 
2021 May 31 12:00:00 AM,"$12,128 ",$0 ,$0 ,$0 ,$0 ,$0 ,$0 ,$0 ,$0 ,$0 ,$0 ,$0 ,$0 ,"$12,128 ",$0 ,$0 ,$0 ,$0 ,$0 ,$0 ,$0 ,$0 ,$0 ,$0 ,$0 ,$0 ,$0 ,$0 ,$0 ,$0 ,$0 ,$0 ,$0 ,$0 ,$0 ,$0 ,$0 ,$0 ,$0 ,$0 ,$0 ,$0 ,$0 ,$0 ,$0 ,$0 ,$0 
2021 Jun 01 12:00:00 AM,"$43,164,734 ",$0 ,"$20,400 ",$0 ,$0 ,$0 ,$0 ,$0 ,"$1,350 ",$0 ,$0 ,$0 ,"$2,220,019 ","$267,030 ","$40,531,011 ",$0 ,$0 ,"$124,924 ",$0 ,$0 ,$0 ,$0 ,$0 ,$0 ,$0 ,$0 ,$0 ,$0 ,$0 ,$0 ,$0 ,$0 ,$0 ,$0 ,$0 ,$0 ,$0 ,$0 ,$0 ,$0 ,$0 ,$0 ,$0 ,$0 ,$0 ,$0 ,$0 
2021 Jun 02 12:00:00 AM,"$20,550,240 ","$19,723 ",$0 ,$0 ,$0 ,$0 ,$0 ,$0 ,"$7,100,000 ",$0 ,$974 ,$0 ,$0 ,"$49,223 ","$11,000,000 ",$0 ,$0 ,"$2,321,706 ",$0 ,"$58,614 ",$0 ,$0 ,$0 ,$0 ,$0 ,$0 ,$0 ,$0 ,$0 ,$0 ,$0 ,$0 ,$0 ,$0 ,$0 ,$0 ,$0 ,$0 ,$0 ,$0 ,$0 ,$0 ,$0 ,$0 ,$0 ,$0 ,$0 
2021 Jun 03 12:00:00 AM,"$4,959,202 ",$0 ,"$165,289 ",$0 ,"$150,000 ",$0 ,$0 ,$0 ,$0 ,$0 ,$0 ,$0 ,"$285,808 ","$763,712 ",$0 ,$0 ,$0 ,"$492,323 ",$0 ,"$3,102,070 ",$0 ,$0 ,$0 ,$0 ,$0 ,$0 ,$0 ,$0 ,$0 ,$0 ,$0 ,$0 ,$0 ,$0 ,$0 ,$0 ,$0 ,$0 ,$0 ,$0 ,$0 ,$0 ,$0 ,$0 ,$0 ,$0 ,$0 
2021 Jun 04 12:00:00 AM,"$27,541,473 ",$0 ,"$2,640 ",$0 ,$0 ,$0 ,$0 ,$0 ,"$295,295 ",$0 ,$0 ,$0 ,"$14,057 ","$54,504 ",$0 ,$0 ,$0 ,"$9,296,855 ","$16,444,662 ","$1,428,603 ",$0 ,$0 ,$0 ,$0 ,$0 ,$0 ,$0 ,$0 ,"$4,857 ",$0 ,$0 ,$0 ,$0 ,$0 ,$0 ,$0 ,$0 ,$0 ,$0 ,$0 ,$0 ,$0 ,$0 ,$0 ,$0 ,$0 ,$0 
2021 Jun 07 12:00:00 AM,"$471,829,113 ",$0 ,$0 ,$0 ,"$98,000 ",$0 ,$0 ,$0 ,$0 ,$0 ,$0 ,$0 ,$0 ,"$208,600 ",$0 ,$0 ,$0 ,"$204,786 ","$471,316,950 ",$0 ,$0 ,$0 ,$0 ,$0 ,$0 ,$0 ,$777 ,$0 ,$0 ,$0 ,$0 ,$0 ,$0 ,$0 ,$0 ,$0 ,$0 ,$0 ,$0 ,$0 ,$0 ,$0 ,$0 ,$0 ,$0 ,$0 ,$0 
2021 Jun 08 12:00:00 AM,"$5,351,767 ",$0 ,"$4,538,154 ",$0 ,"$70,000 ",$0 ,$0 ,$0 ,$0 ,$0 ,$0 ,$0 ,$0 ,"$147,629 ",$0 ,$0 ,$0 ,$0 ,$0 ,"$579,789 ",$0 ,$0 ,$0 ,$0 ,$0 ,$0 ,$0 ,$0 ,$0 ,$0 ,$0 ,$0 ,$0 ,$0 ,$0 ,$0 ,$0 ,$0 ,$0 ,"$16,195 ",$0 ,$0 ,$0 ,$0 ,$0 ,$0 ,$0 
2021 Jun 09 12:00:00 AM,"$3,226,749 ",$0 ,$0 ,$0 ,$0 ,$0 ,$0 ,$0 ,$0 ,$0 ,$0 ,$0 ,$0 ,"$1,903,842 ",$0 ,$0 ,$0 ,"$30,692 ",$0 ,$0 ,$0 ,$0 ,"$1,292,215 ",$0 ,$0 ,$0 ,$0 ,$0 ,$0 ,$0 ,$0 ,$0 ,$0 ,$0 ,$0 ,$0 ,$0 ,$0 ,$0 ,$0 ,$0 ,$0 ,$0 ,$0 ,$0 ,$0 ,$0 
2021 Jun 10 12:00:00 AM,"$323,285,673 ",$0 ,$0 ,$0 ,$0 ,$0 ,$0 ,$0 ,$0 ,$0 ,$0 ,"$1,580,238 ","$89,202 ","$168,887 ","$3,389,742 ",$0 ,$0 ,"$80,529 ","$177,745 ","$154,354 ",$0 ,$0 ,"$317,621,271 ",$0 ,$0 ,$0 ,$0 ,$0 ,$0 ,$0 ,$0 ,$0 ,$0 ,$0 ,$0 ,"$8,705 ",$0 ,$0 ,$0 ,$0 ,$0 ,$0 ,$0 ,"$15,000 ",$0 ,$0 ,$0 
2021 Jun 11 12:00:00 AM,"$107,276,536 ",$0 ,$0 ,$0 ,$0 ,$0 ,$0 ,$0 ,$0 ,$0 ,$746 ,$0 ,"$3,215,956 ","$173,753 ",$0 ,"$6,483 ",$0 ,"$1,300,562 ",$0 ,$0 ,$0 ,$0 ,"$102,420,382 ",$0 ,$0 ,$0 ,$0 ,$0 ,$0 ,$0 ,$0 ,$0 ,$0 ,"$50,000 ","$87,500 ","$21,154 ",$0 ,$0 ,$0 ,$0 ,$0 ,$0 ,$0 ,$0 ,$0 ,$0 ,$0 
2021 Jun 12 12:00:00 AM,"$133,762 ",$0 ,$0 ,$0 ,$0 ,$0 ,$0 ,$0 ,$0 ,$0 ,$0 ,$0 ,$0 ,"$1,848 ",$0 ,$0 ,$0 ,$0 ,$0 ,"$131,914 ",$0 ,$0 ,$0 ,$0 ,$0 ,$0 ,$0 ,$0 ,$0 ,$0 ,$0 ,$0 ,$0 ,$0 ,$0 ,$0 ,$0 ,$0 ,$0 ,$0 ,$0 ,$0 ,$0 ,$0 ,$0 ,$0 ,$0 
2021 Jun 14 12:00:00 AM,"$83,022,400 ",$0 ,$0 ,$0 ,"$68,438 ",$0 ,$0 ,$0 ,$0 ,$0 ,$0 ,$0 ,$0 ,"$218,376 ",$0 ,$0 ,$0 ,"$100,000 ",$0 ,$0 ,$0 ,$0 ,"$82,635,586 ",$0 ,$0 ,$0 ,$0 ,$0 ,$0 ,$0 ,$0 ,$0 ,$0 ,$0 ,$0 ,$0 ,$0 ,$0 ,$0 ,$0 ,$0 ,$0 ,$0 ,$0 ,$0 ,$0 ,$0 
2021 Jun 15 12:00:00 AM,"$126,146,674 ",$0 ,$0 ,$0 ,$0 ,$0 ,$0 ,$0 ,$0 ,$0 ,$0 ,$0 ,$0 ,"$4,436,895 ","$75,011,942 ",$0 ,$0 ,"$31,134,329 ","$11,792,377 ","$2,336 ",$0 ,$0 ,"$3,000,000 ","$750,580 ",$0 ,$0 ,$0 ,$0 ,$0 ,$0 ,$0 ,"$17,165 ",$0 ,$0 ,$0 ,$0 ,$0 ,$0 ,$0 ,"$1,050 ",$0 ,$0 ,$0 ,$0 ,$0 ,$0 ,$0 
2021 Jun 16 12:00:00 AM,"$43,450,829 ",$0 ,$0 ,$0 ,$0 ,$0 ,$0 ,$0 ,$0 ,$0 ,$0 ,$0 ,$0 ,"$1,244,415 ","$147,810 ",$0 ,$0 ,"$8,323,672 ","$6,409,278 ",$0 ,$0 ,$0 ,"$27,325,654 ",$0 ,$0 ,$0 ,$0 ,$0 ,$0 ,$0 ,$0 ,$0 ,$0 ,$0 ,$0 ,$0 ,$0 ,$0 ,$0 ,$0 ,$0 ,$0 ,$0 ,$0 ,$0 ,$0 ,$0 
2021 Jun 17 12:00:00 AM,"$59,637,132 ",$0 ,$0 ,$0 ,$0 ,$0 ,$0 ,$0 ,$0 ,"$70,265 ",$0 ,$0 ,$0 ,"$2,103,379 ","$418,228 ",$0 ,$0 ,"$5,000,097 ","$13,486,495 ","$35,475,367 ",$0 ,$0 ,$0 ,"$2,949,801 ",$0 ,$0 ,$0 ,$0 ,$0 ,$0 ,$0 ,$0 ,$0 ,"$133,500 ",$0 ,$0 ,$0 ,$0 ,$0 ,$0 ,$0 ,$0 ,$0 ,$0 ,$0 ,$0 ,$0 
2021 Jun 18 12:00:00 AM,"$49,473,522 ",$0 ,$0 ,$0 ,$0 ,$0 ,$0 ,$0 ,$0 ,"$16,166 ",$0 ,$0 ,$0 ,"$15,117 ",$0 ,"$1,250 ",$0 ,"$22,713,091 ","$7,015,167 ","$19,712,731 ",$0 ,$0 ,$0 ,$0 ,$0 ,$0 ,$0 ,$0 ,$0 ,$0 ,$0 ,$0 ,$0 ,$0 ,$0 ,$0 ,$0 ,$0 ,$0 ,$0 ,$0 ,$0 ,$0 ,$0 ,$0 ,$0 ,$0 
2021 Jun 21 12:00:00 AM,"$55,792,570 ","$100,000 ","$34,542,796 ",$0 ,"$5,542 ",$0 ,$0 ,$0 ,$0 ,$0 ,$0 ,$0 ,$0 ,"$3,908,876 ",$0 ,$0 ,$0 ,"$102,363 ","$14,343,103 ","$2,224,716 ",$0 ,$0 ,$0 ,$0 ,$0 ,$0 ,$0 ,$0 ,$0 ,$0 ,$0 ,$0 ,$0 ,"$565,174 ",$0 ,$0 ,$0 ,$0 ,$0 ,$0 ,$0 ,$0 ,$0 ,$0 ,$0 ,$0 ,$0 
2021 Jun 22 12:00:00 AM,"$41,643,084 ",$0 ,$0 ,$0 ,$0 ,$0 ,$0 ,$0 ,$0 ,$0 ,"$27,901 ",$0 ,$0 ,"$7,800,000 ",$0 ,$0 ,$0 ,"$8,159,890 ","$12,687,741 ","$5,490,878 ",$0 ,$0 ,"$6,859,268 ",$0 ,$0 ,$0 ,$0 ,$0 ,$0 ,$0 ,$0 ,$0 ,$0 ,"$617,406 ",$0 ,$0 ,$0 ,$0 ,$0 ,$0 ,$0 ,$0 ,$0 ,$0 ,$0 ,$0 ,$0 
2021 Jun 23 12:00:00 AM,"$51,374,897 ",$0 ,$0 ,$0 ,$0 ,$0 ,$0 ,$0 ,"$471,000 ",$0 ,"$33,382 ",$0 ,$0 ,"$15,782,930 ",$0 ,$0 ,$0 ,"$1,790,827 ","$26,996,007 ","$6,190,126 ",$0 ,$0 ,$0 ,$0 ,"$110,625 ",$0 ,$0 ,$0 ,$0 ,$0 ,$0 ,$0 ,$0 ,$0 ,$0 ,$0 ,$0 ,$0 ,$0 ,$0 ,$0 ,$0 ,$0 ,$0 ,$0 ,$0 ,$0 
2021 Jun 24 12:00:00 AM,"$120,089,728 ",$0 ,"$540,165 ",$0 ,"$500,000 ",$0 ,$0 ,$0 ,$0 ,"$24,652 ","$1,290 ",$0 ,"$145,890 ",$0 ,"$2,975,808 ","$4,077 ",$0 ,"$104,787,625 ","$4,917,763 ","$2,192,458 ",$0 ,$0 ,"$4,000,000 ",$0 ,$0 ,$0 ,$0 ,$0 ,$0 ,$0 ,$0 ,$0 ,$0 ,$0 ,$0 ,$0 ,$0 ,$0 ,$0 ,$0 ,$0 ,$0 ,$0 ,$0 ,$0 ,$0 ,$0 
2021 Jun 25 12:00:00 AM,"$40,084,207 ",$0 ,$0 ,$0 ,$0 ,$0 ,$0 ,$0 ,$0 ,$0 ,$0 ,$0 ,$0 ,$0 ,$0 ,$0 ,$0 ,"$13,056,722 ",$0 ,"$11,547,043 ",$0 ,$0 ,$0 ,$0 ,"$15,469,053 ",$0 ,$0 ,$0 ,$0 ,"$11,389 ",$0 ,$0 ,$0 ,$0 ,$0 ,$0 ,$0 ,$0 ,$0 ,$0 ,$0 ,$0 ,$0 ,$0 ,$0 ,$0 ,$0 
2021 Jun 28 12:00:00 AM,"$59,232,201 ",$0 ,$0 ,$0 ,$0 ,$0 ,$0 ,$0 ,$0 ,"$27,050,314 ",$0 ,$0 ,"$5,862,586 ","$408,166 ","$3,465,823 ","$3,160 ",$0 ,"$2,887,553 ","$2,668,862 ","$13,334,710 ",$0 ,$0 ,$0 ,$0 ,$0 ,$0 ,$0 ,$0 ,$0 ,$0 ,$0 ,$0 ,$0 ,"$3,551,027 ",$0 ,$0 ,$0 ,$0 ,$0 ,$0 ,$0 ,$0 ,$0 ,$0 ,$0 ,$0 ,$0 
2021 Jun 29 12:00:00 AM,"$131,862,629 ",$0 ,$0 ,$0 ,$0 ,$0 ,$0 ,$0 ,$0 ,$0 ,$0 ,$0 ,"$2,235,738 ","$3,089,350 ","$3,000,000 ",$0 ,$0 ,"$103,455,069 ","$8,197,985 ","$16,850 ",$0 ,$0 ,"$945,343 ","$139,030 ",$0 ,$0 ,$0 ,$0 ,$0 ,$0 ,$0 ,$0 ,$0 ,"$8,196,660 ","$122,359 ","$2,425,644 ",$0 ,$0 ,$0 ,$0 ,$0 ,$0 ,$0 ,"$38,601 ",$0 ,$0 ,$0 
 Total  ,"$4,415,061.00 ","$4,415,061.00 ","$95,768,399.00 ","$6,349.00 ","$5,382,042.00 ","$3,118.00 ","$631,261.00 ","$11,303,668.00 ","$21,442,716.00 ","$322,897.00 ","$7,221,480.00 ","$190,107,141.00 ","$290,837,174.00 ","$524,911,287.00 ","$8,980,243.00 ","$253,598.00 ","$435,668,467.00 ","$648,439,659.00 ","$295,747,773.00 ","$2,951,515.00 ","$504,435.00 ","$761,492,003.00 ","$160,800,658.00 ","$22,722,722.00 ","$15,759.00 ","$312,964.00 ","$889,553.00 ","$1,008,301.00 ","$487,937.00 ","$92,676.00 ","$20,675.00 ","$129,510.00 ","$72,903,246.00 ","$737,960.00 ","$2,836,380.00 ","$38,803,825.00 ","$364,011.00 ","$14,061.00 ","$136,202.00 ","$74,121.00 ","$24,923.00 ","$254,777.00 ","$19,639,514.00 ","$54,371.00 ","$2,809.00 ","$24,965.00 ", $-   
